Hebrew	Definition	Gender	PartOfSpeech	Shoresh	Audio	Inflections	Extended	Image	Tags
שִׁיעוּר	lesson, class; rate, measure	ז	n	שׁ־ע־ר		שִׁיעוּרִים	לָלֶכֶת לְשִׁיעוּרִיםto attend classes		0-6 Education Level32 שׁ־ע־ר assimil-01
רִאשׁוֹן	first	ז	a	ר־א־שׁ		רִאשׁוֹנָה	רֹאשׁ: head זאת הייתה הפעם הראשונה.‏That was the first time. בזכותה אחי זכה בפרס הראשון.‏Thanks to her, my brother won first prize.		1-04 1-13 Level31 Numbers2 ר־א־שׁ assimil-01
בּוֹקֶר	morning, dawn	ז	n	ב־ק־ר		בְּקָרִים	היה לי זמן הבוקר.‏I had time this moming. אני מתרוצץ מהבוקר.‏I’ve been running around since this morning. הם רקדו עד אור הבוקר.‏They danced until daybreak [the light of morning]. דבורה, אכלת ארוחת בוקר?‏Devorah, have you had breakfast? הוא עובד בבוקר ואני בערב.‏He works in the morning and I [work] in the evening. הוא הקים אותי בחמש בַּבּוֹקֵר.‏He got [raised] me up at five o'clock in the moming. הם אוספים את הפועלים בטנדר כל בוקר.‏They pick up the workers in a pickup truck every morning.		1-01 Level04 Phrases ב־ק־ר assimil-01
טוֹב	good, well, pleasant, appropriate	ז	a adv	ט־ו־ב		טוֹבִים	טוֹב לִי.‏I'm good.		0-6 AdjectivesIntro Letters3 Level03 Level07 ט־ו־ב assimil-01
אוֹר	light; lamp	ז	n	א־ו־ר		אוֹרוֹת	also: electrom. radiation, understanding הוא רָאָה את האור.‏He saw the light.		1-04 1-17 Home Level26 א־ו־ר assimil-01
שֵׁנִי	second (ordinal); other	ז	a			שְׁנִיָּה			1-13 Level31 Numbers2 assimil-02
שְׁלִישִׁי	third	ז	a			שְׁלִישִׁית			1-13 Level31 Numbers2 assimil-03
רְבִיעִי	fourth	ז	a	ר־ב־ע		רְבִיעִית			1-13 Level31 Numbers2 ר־ב־ע assimil-04
שׁוֹתֶה	drinks (m, s)	פָּעַ	v	שׁ־ת־ה		הוֹוֶהשׁוֹתֶהshoteשׁוֹתָהshotaשׁוֹתִיםshotimשׁוֹתוֹתshototעָבָרשָׁתִיתִיshatitiשָׁתִינוּshatinuשָׁתִיתָshatitaשָׁתִיתshatitשְׁתִיתֶםshtitemשְׁתִיתֶןshtitenשָׁתָהshataשָׁתְתָהshatetaשָׁתוּshatuעָתִידאֶשְׁתֶּהeshteנִשְׁתֶּהnishteתִּשְׁתֶּהtishteתִּשְׁתִּיtishtiתִּשְׁתּוּtishtuתִּשְׁתֶּינָהtishtenaיִשְׁתֶּהyishteתִּשְׁתֶּהtishteיִשְׁתּוּyishtuתִּשְׁתֶּינָהtishtenaצִוּוּישְׁתֵה!‏shte!שְׁתִי!‏shti!שְׁתוּ!‏shtu!שְׁתֶינָה!‏shtena!	לא, אני לא שותה בין הארוחות.‏No, I don't drink between meals.		0-4 Letters2 Level02 שׁ־ת־ה assimil-04
שׁוֹתָה	drinks (f, s)	פָּעַ	v	שׁ־ת־ה		הוֹוֶהשׁוֹתֶהshoteשׁוֹתָהshotaשׁוֹתִיםshotimשׁוֹתוֹתshototעָבָרשָׁתִיתִיshatitiשָׁתִינוּshatinuשָׁתִיתָshatitaשָׁתִיתshatitשְׁתִיתֶםshtitemשְׁתִיתֶןshtitenשָׁתָהshataשָׁתְתָהshatetaשָׁתוּshatuעָתִידאֶשְׁתֶּהeshteנִשְׁתֶּהnishteתִּשְׁתֶּהtishteתִּשְׁתִּיtishtiתִּשְׁתּוּtishtuתִּשְׁתֶּינָהtishtenaיִשְׁתֶּהyishteתִּשְׁתֶּהtishteיִשְׁתּוּyishtuתִּשְׁתֶּינָהtishtenaצִוּוּישְׁתֵה!‏shte!שְׁתִי!‏shti!שְׁתוּ!‏shtu!שְׁתֶינָה!‏shtena!	אני לא שותה בין הארוחות.‏I don't drink between meals.		0-4 Letters2 Level02 שׁ־ת־ה assimil-04
בִּירָה	beer; capital city, palace	נ	n			בִּירוֹת‎	via Proto-Germanic beuzą, perhaps from Proto-Indo-European *bews- (“dross, sediment, brewer's yeast”)		0-2 Food1 Level08 Level10 Plurals assimil-04
חֲמִישִׁי	fifth	ז	a			חֲמִישִׁית	הַאֲזִינוּ עכשיו לסימפוניה החמישית…‏Let us now listen to the fifth symphony… [listen!]		1-13 Level31 Numbers2 assimil-05
לוֹמֵד	studies (m, s)	פָּעַ	v	ל־מ־ד		הוֹוֶהלוֹמֵדlomedלוֹמֶדֶתlomedetלוֹמְדִיםlomdimלוֹמְדוֹתlomdotעָבָרלָמַדְתִּיlamadetiלָמַדְנוּlamadnuלָמַדְתָּlamadetaלָמַדְתְּlamadetלְמַדְתֶּםlemadetemלְמַדְתֶּןlemadetenלָמַדlamadלָמְדָהlamdaלָמְדוּlamduעָתִידאֶלְמַדelmadנִלְמַדnilmadתִּלְמַדtilmadתִּלְמְדִיtilmediתִּלְמְדוּtilmeduתִּלְמַדְנָהtilmadnaיִלְמַדyilmadתִּלְמַדtilmadיִלְמְדוּyilmeduתִּלְמַדְנָהtilmadnaצִוּוּילְמַד!‏lemad!לִמְדִי!‏limdi!לִמְדוּ!‏limdu!לְמַדְנָה!‏lemadna!	אני עדיין לומד: אחי ואני לומדים באולפן ערב.‏I'm still studying; my brother and I study at an evening class (ulpan).		0-3 Level42 Present1 ל־מ־ד assimil-05
עִבְרִית	Hebrew	נ	a n	ע־ב־ר			"also as adjective incl. ""Jewish"": עִבְרִי From one of the several names for the Israelite people: Traditionally seen as adjective to the name of Abraham's ancestor Eber, in turn thought related to עָבַר‎ [a]cross, like to the other site of the Euphrates or Jordan. איך קוראים לזה בעברית?‏What is this called in Hebrew? אני מדבר עברית אבל אני עושה הרבה שגיאות.‏I speak Hebrew, but I make a lot of mistakes."		0-0 Level04 Phrases ע־ב־ר assimil-05
שִׁישִּׁי	sixth	ז	a			שִׁישִּׁית			1-13 Level31 Numbers2 assimil-06
בְּסֵדֶר	alright, fine		prep	ס־ד־ר			"""in order"" זֶה בְּסֵדֶר.‏It's okay."		0-5 Level04 Phrases ס־ד־ר assimil-06
סֵדֶר	order, arrangement	ז	n	ס־ד־ר		סְדָרִים	צריך לעשות זאת בסדר הפוך.‏It should be done the other way round [in backward order]. אם לא יוּשַּׂג הסדר עד סוף החודש תהיה שביתה.‏If an agreement is not reached by the end of the month, there will be a strike.		1-27 2-08 ס־ד־ר assimil-06
חָדָשׁ	new, current, recent[ly made]	ז	a	ח־ד־שׁ		חֲדָשָׁה	מחר אני אקנה חולצה חדשה.‏I'll buy a new shirt tomorrow. הבית שהוא גר בו חדש לגמרי.‏The house he lives in is completely new. תיכף מרגישים שהוא חדש כאן.‏[You] immediately sense that he's new here. תדגיש בקו את המילים החדשות.‏Underline [emphasize with a line] the new words. מה דעתך לכלול את השיר בספר החדש?‏How about [what's your opinion] including the poem in the new book?		1-02 Adjectives1 Level12 ח־ד־שׁ assimil-06
אֵין	there isn't / aren't		ptcl				non-existence, non-possession present tense		0-5 Level06 ThereIs assimil-06
חֲבָל	pity	ז	n	ח־ב־ל			also as it's a shame, too bad: חבל ללכלך את הידיים.‏It's not worth [it's a pity] soiling one's hands. חבל שאני לנו דף עם המילים, היינו שרים אתך.‏It's a pity we don't have the lyrics sheet, we'd sing along with you.		1-22 ח־ב־ל assimil-06
לְהִתְרָאוֹת	See you later!, Goodbye; meet (so.), see again, appear	הִתְ	v interj	ר־א־ה		הוֹוֶהמִתְרָאֶהmitra'eמִתְרָאָהmitra'aמִתְרָאִיםmitra'imמִתְרָאוֹתmitra'otעָבָרהִתְרָאֵיתִיhitra'etiהִתְרָאֵינוּhitra'enuהִתְרָאֵיתָhitra'etaהִתְרָאֵיתhitra'etהִתְרָאֵיתֶםhitra'etemהִתְרָאֵיתֶןhitra'etenהִתְרָאָהhitra'aהִתְרָאֲתָהhitra'ataהִתְרָאוּhitra'uעָתִידאֶתְרָאֶהetra'eנִתְרָאֶהnitra'eתִּתְרָאֶהtitra'eתִּתְרָאִיtitra'iתִּתְרָאוּtitra'uתִּתְרָאֶינָהtitra'enaיִתְרָאֶהyitra'eתִּתְרָאֶהtitra'eיִתְרָאוּyitra'uתִּתְרָאֶינָהtitra'enaצִוּוּיהִתְרָאֵה!‏hitra'e!הִתְרָאִי!‏hitra'i!הִתְרָאוּ!‏hitra'u!הִתְרָאֶינָה!‏hitra'ena!	infinitive commonly used idiomatically להתראות מחר!‏See you tomorow! לא התראינו מאז.‏We haven't seen each other since then. הם מקווים להתראות.‏They hope to see each other again. הם מתראים מזמן לזמן.‏They see each other from time to time.		0-3 Level04 Phrases ר־א־ה assimil-06
שְׁבִיעִי	seventh	ז	a	שׁ־ב־ע		שְׁבִיעִית			1-13 Level31 Numbers2 שׁ־ב־ע assimil-07
שְׁמִינִי	eighth	ז	a			שְׁמִינִית			1-13 Level31 Numbers2 assimil-08
לְדַבֵּר	to speak, talk	פִּעֵ	v	ד־ב־ר		הוֹוֶהמְדַבֵּרmedaberמְדַבֶּרֶתmedaberetמְדַבְּרִיםmedabrimמְדַבְּרוֹתmedabrotעָבָרדִּיבַּרְתִּיdibartiדִּיבַּרְנוּdibarnuדִּיבַּרְתָּdibartaדִּיבַּרְתְּdibartדִּיבַּרְתֶּםdibartemדִּיבַּרְתֶּןdibartenדִּיבֵּרdiberדִּיבְּרָהdibraדִּיבְּרוּdibruעָתִידאֲדַבֵּרadaberנְדַבֵּרnedaberתְּדַבֵּרtedaberתְּדַבְּרִיtedabriתְּדַבְּרוּtedabruתְּדַבֵּרְנָהtedabernaיְדַבֵּרyedaberתְּדַבֵּרtedaberיְדַבְּרוּyedabruתְּדַבֵּרְנָהtedabernaצִוּוּידַּבֵּר!‏daber!דַּבְּרִי!‏dabri!דַּבְּרוּ!‏dabru!דַּבֵּרְנָה!‏daberna!	עם	יצא לי לדבר אתו.‏I happened to talk to him. [It came out to me to talk to him.] לא כדאי לדבר על זה.‏It's best not to talk about it. אתה יודע על מה הוא דיבר?‏Do you know what he talked / was talking about? עכשיו, היא מדברת עברית די טוב.‏Now she speaks Hebrew fairly well.	0-5 Infinitives1 Level45 ד־ב־ר assimil-08
רַק	only, just		adv						0-4 Conjunctions Level20 assimil-08
פּוֹלָנִית	Polish (lang.)	נ	n				pl.		0-5 Languages Level38 assimil-08
רוּסְיָה	Russia	נ	n				Proto-Indo-European *h₁reh₁-, “to row”		0-6 Level33 Travel assimil-08
רוּסִית	Russian (lang.)	נ	n						0-4 Languages Level38 assimil-08
רוּסִי	Russian	ז	a			רוּסִית‎			Level30 People assimil-08
יִידִישׁ	Yiddish (lang.)	נ	n				Jiddisch-Daitsch (“Jewish German”) based on Middle High German, earliest surviving references date from the 12th c. Ashkenazi language whose Eastern branch incorporates many Slavic words, while the Western began dying in the 18th c.		0-3 Languages Level38 assimil-08
אוּלְפָּן	studio	ז	n	א־ל־ף		אוּלְפָּנִים	mostly as Hebrew school for immigrants		0-5 Arts Level60 Level70 WelcomeToIsrael א־ל־ף assimil-08
שַׁבָּת	Sabbath, day of rest; Saturday	נ	n	שׁ־ב־ת		שַׁבָּתוֹת	"also יום שבת possibly from Akkadian šapattu, ""the middle day of the month"""		1-06 DatesAndTime Level22 שׁ־ב־ת assimil-08
תְּשִׁיעִי	ninth	ז	a	ת־שׁ־ע		תְּשִׁיעִית תְּשִׁיעִיִּים, תְּשִׁיעִיּוֹת			1-13 Level31 Numbers2 ת־שׁ־ע assimil-09
מַחְשֵׁב	computer	ז	n	ח־שׁ־ב		מַחְשְׁבִים	כְּתוֹב במחשב, זה יותר ברור.‏Use [write on] the computer, it's clearer.		0-6 Level35 Objects ח־שׁ־ב assimil-09
אִינטֶרנֶט	internet	ז	n						0-6 assimil-09
חוֹשֵׁב	thinks (m, s)	פָּעַ	v	ח־שׁ־ב		הוֹוֶהחוֹשֵׁבchoshevחוֹשֶׁבֶתchoshevetחוֹשְׁבִיםchoshvimחוֹשְׁבוֹתchoshvotעָבָרחָשַׁבְתִּיchashavtiחָשַׁבְנוּchashavnuחָשַׁבְתָּchashavtaחָשַׁבְתְּchashavtחֲשַׁבְתֶּםchashavtemחֲשַׁבְתֶּןchashavtenחָשַׁבchashavחָשְׁבָהchashvaחָשְׁבוּchashvuעָתִידאֶחְשׁוֹבechshovנַחְשׁוֹבnachshovתַּחְשׁוֹבtachshovתַּחְשְׁבִיtachsheviתַּחְשְׁבוּtachshevuתַּחְשׁוֹבְנָהtachshovnaיַחְשׁוֹבyachshovתַּחְשׁוֹבtachshovיַחְשְׁבוּyachshevuתַּחְשׁוֹבְנָהtachshovnaצִוּוּיחֲשׁוֹב!‏chashov!חִשְׁבִי!‏chishvi!חִשְׁבוּ!‏chishvu!חֲשׁוֹבְנָה!‏chashovna!	על		1-06 Level42 Present1 ח־שׁ־ב assimil-09
עֲשִׂירִי	tenth	ז	a	ע־שׂ־ר		עֲשִׂירִית עֲשִׂירִיִּים, עֲשִׂירִיּוֹת			1-13 Level31 Numbers2 ע־שׂ־ר assimil-10
עֶרֶב	evening	ז	n	ע־ר־ב		עֲרָבִים	in construct form also: the day before עֶרֶב פֶּסַח‎the day before Passover ייתכן מאוד שהוא יאכל אצלנו הערב.‏He'll probably have dinner with us this evening. בערב אני חוזר על המילים שרשמתי.‏In the evening I go over the words I've written down.		1-01 Level04 Phrases ע־ר־ב assimil-10
מַה	what? how much, why, how		q						0-1 Level18 Questions assimil-10
אַתֶן	you (pl.)	נ	pro						0-3 Basics Level05 assimil-10
רוֹצוֹת	want (f, p)	פָּעַ	v	ר־צ־ה		הוֹוֶהרוֹצֶהrotzeרוֹצָהrotzaרוֹצִיםrotzimרוֹצוֹתrotzotעָבָררָצִיתִיratzitiרָצִינוּratzinuרָצִיתָratzitaרָצִיתratzitרְצִיתֶםretzitemרְצִיתֶןretzitenרָצָהratzaרָצְתָהratztaרָצוּratzuעָתִידאֶרְצֶהertzeנִרְצֶהnirtzeתִּרְצֶהtirtzeתִּרְצִיtirtziתִּרְצוּtirtzuתִּרְצֶינָהtirtzenaיִרְצֶהyirtzeתִּרְצֶהtirtzeיִרְצוּyirtzuתִּרְצֶינָהtirtzenaצִוּוּירְצֵה!‏retze!רְצִי!‏retzi!רְצוּ!‏retzu!רְצֶינָה!‏retzena!			0-4 Food1 Level08 ר־צ־ה assimil-10
קָפֶה	coffee	ז	n			קָפִים	"From Arabic qahwa, said to originally refer to a wine served likewise and deemed an appetite suppressant (qahiya, ""lack hunger"")."		0-6 Food1 Level08 assimil-10
עוּגָה	cake	נ	n			עוּגוֹת			0-4 Letters3 Level03 Level10 Plurals assimil-10
בְּבַקָשָׁה	please; you're welcome			ב־ק־שׁ			בַּקָּשָׁה: request בבקשה לא לדחוף!‏Please don't push! [not to] תכתוב את השם שלך, בבקשה.‏Write your name [down], please. בבקשה תשלח לי את זה בקרוב.‏Please send it to me soon.		0-6 Level04 Phrases ב־ק־שׁ assimil-10
יֵשׁ	there is/are/exist; existence, Being, entity	ז	adv n			with לְ־: sth./so. has	יש פה מַשֶּׁהוּthere's something here		0-5 Level06 ThereIs assimil-10
גְבִינָה	cheese	נ	n	ג־ב־ן		גְּבִינוֹת			1-09 Food1 Level08 Level10 Plurals ג־ב־ן assimil-10
אֲבָל	but, however		conj						0-6 Conjunctions Level20 assimil-10
אוֹ	or, either		ptcl						0-3 assimil-10
שׁוֹקוֹלָד	chocolate	ז	n				"some Nahuatl (chocol, ""stick for preparing choc."" + ātl, “water”: used to be drunken) or Yucatec Maya (chocol, ""hot"")"		0-4 Food1 Level08 assimil-10
שָׁלוֹם	hello, goodbye; peace, rest, welfare	ז	n interj	שׁ־ל־ם					0-3 Level04 Level65 Phrases Politics שׁ־ל־ם assimil-11
אַתֶם	"you, ""you guys"" (pl.)"	ז	pro						0-3 Basics Level05 assimil-11
שׁוֹתִים	drink (m, p)	פָּעַ	v	שׁ־ת־ה		הוֹוֶהשׁוֹתֶהshoteשׁוֹתָהshotaשׁוֹתִיםshotimשׁוֹתוֹתshototעָבָרשָׁתִיתִיshatitiשָׁתִינוּshatinuשָׁתִיתָshatitaשָׁתִיתshatitשְׁתִיתֶםshtitemשְׁתִיתֶןshtitenשָׁתָהshataשָׁתְתָהshatetaשָׁתוּshatuעָתִידאֶשְׁתֶּהeshteנִשְׁתֶּהnishteתִּשְׁתֶּהtishteתִּשְׁתִּיtishtiתִּשְׁתּוּtishtuתִּשְׁתֶּינָהtishtenaיִשְׁתֶּהyishteתִּשְׁתֶּהtishteיִשְׁתּוּyishtuתִּשְׁתֶּינָהtishtenaצִוּוּישְׁתֵה!‏shte!שְׁתִי!‏shti!שְׁתוּ!‏shtu!שְׁתֶינָה!‏shtena!	אנחנו לא שותים יין, כאן כולם שותים מים.‏We don't drink wine, everyone here drinks water.		0-4 Food1 Level08 שׁ־ת־ה assimil-11
טוּרְקִי	Turkish	ז	a			טוּרְקִית	Proto-Turkic *türi- (lineage, ancestry)		1-23 assimil-11
נֵס	miracle, wonder	ז	n	נ־ס־ס		נִיסִּים	בנסmiraculously נֵס לֹא קָרָה לָנוּA miracle did not happen to us		1-27 נ־ס־ס assimil-11
סוּכָּר	sugar	ז	n			סוּכָּרִים	"via Arabic from Proto-Indo-European *ḱorkeh₂, ""gravel, boulder"""		0-5 Food1 Level08 assimil-11
שׁוֹתוֹת	drink (f, p)	פָּעַ	v	שׁ־ת־ה		הוֹוֶהשׁוֹתֶהshoteשׁוֹתָהshotaשׁוֹתִיםshotimשׁוֹתוֹתshototעָבָרשָׁתִיתִיshatitiשָׁתִינוּshatinuשָׁתִיתָshatitaשָׁתִיתshatitשְׁתִיתֶםshtitemשְׁתִיתֶןshtitenשָׁתָהshataשָׁתְתָהshatetaשָׁתוּshatuעָתִידאֶשְׁתֶּהeshteנִשְׁתֶּהnishteתִּשְׁתֶּהtishteתִּשְׁתִּיtishtiתִּשְׁתּוּtishtuתִּשְׁתֶּינָהtishtenaיִשְׁתֶּהyishteתִּשְׁתֶּהtishteיִשְׁתּוּyishtuתִּשְׁתֶּינָהtishtenaצִוּוּישְׁתֵה!‏shte!שְׁתִי!‏shti!שְׁתוּ!‏shtu!שְׁתֶינָה!‏shtena!			0-4 Food1 Level08 שׁ־ת־ה assimil-11
מִיץ	juice	ז	n			מִיצִים			0-4 Letters3 Level03 assimil-11
עָיֵיף	tired	ז	a	ע־י־פ		עֲיֵיפָה			1-17 Adjectives2 Level23 ע־י־פ assimil-12
לָמָה	why?		q				מַדּוּעַ?‏		1-06 Level18 Questions assimil-12
קַנְיוֹן	shopping mall; canyon	ז	n	ק־נ־ה			"both commonly [mis]pronounced ""ken.jon"" instead mall from the root, canyon from Spanish cañón"		1-09 Level29 Places ק־נ־ה assimil-12
קוֹנֶה²	buyer	ז	n	ק־נ־ה		קוֹנָה			1-01 1-20 ק־נ־ה assimil-12
שָׁבוּר	broken, fractured; depressed, despondent	ז	a	שׁ־ב־ר		שְׁבוּרָה	אבל היא כבר שבורה! הראש שבור וגם הרגליים שבורות.‏But it's broken already; the head's broken and the legs are broken too.		1-14 Level51 Passive שׁ־ב־ר assimil-13
שָׁלוֹשׁ	three	נ	#						0-7 Level17 numbers assimil-13
קָדוֹשׁ	holy, saint	ז	a n	ק־ד־שׁ		קְדוֹשָׁהּ			1-23 2-03 Level59 Religion ק־ד־שׁ assimil-13
עֶזְרָה	assistance, help	נ	n	ע־ז־ר		עֶזְרוֹת	אם הם פצועים, צריך להגיש להם עזרה.‏If they are injured, they should be given [handed] help.		2-09 Emergency Level39 ע־ז־ר assimil-13
עֶשֶׂר	ten	נ	#				הלכתי לישון בעשר.‏I went to bed at ten o'clock. אתה צריך להיות פה לפני עשר.‏You've got to be here before ten o'clock. הוא עלה ארצה לפני עשר שנים.‏He immigrated [ascended] to Israel ten years ago. החבר שלך חיכה לף עד עשר והלך.‏Your friend waited for you until ten and then left. הילדים רבים ומשלימים עשר פעמים כל יום.‏Children fight and make up ten times every day.		0-7 Level17 numbers assimil-13
טֶלֶפוֹן	telephone	ז	n			טֶלֵפוֹנִים			Level35 Objects assimil-13
אַלְחוּטִי	wireless, cordless	ז	a		al'chuti	אַלְחוּטִית	אַל‎ non- + חוּט‎ cable + ־ִי -ic		20 assimil-13
אֵיפֹה	where, at what place?		adv				אֵי‏ (here: where) + פֹּה (here) also הֲיָכָן אֵיפֹה אַתְּ?‏Where are you? אֵיפֹה אַתָּה גָּר?‏Where do you live? מְאֵיפֹה אַתָּה?‏Where are you from?		0-6 Level18 Questions assimil-13
יָד	arm, hand[le]	נ	n	י־ד			יָדוֹת plural indef.: handles יָדַיים dual indef.: arms, hands also: monument תרים את הידיים.‏Raise your hands. תוריד את הידיים!‏Hands off! / Get your hands off! בסוף הם לחצו ידיים.‏In the end they shook [pressed] hands. חבל ללכלך את הידיים.‏It's not worth [it's a pity] soiling one's hands. בבית הספר הכריתו אותי לכתוב ביד ימין.‏At school they forced me to write with my right hand.		0-5 1-12 Level58 Medical י־ד assimil-13
גַּם	also, too, further, additionally; even (though, if), despite that		conj						0-3 Conjunctions Level20 assimil-13
בְּעָיָה	problem	נ	n	ב־ע־ה		בְּעָיוֹת	אֵין בְּעָיָה‏‎no problem צריך למצוא פתרון לבעיה הזאת.‏A solution has to be found to this problem.		1-07 AbstractObjects1 Level37 ב־ע־ה assimil-13
מְכוֹנִית	car	נ	n	כ־ו־ן		מְכוֹנִיוֹת‏	המכונית כמעט דרסה אותו.‏The car nearly ran him over. אל תעברי עכשיו, יש מכוניות.‏Don't cross [pass] now, there are cars [coming].		1-14 Level33 Travel כ־ו־ן assimil-13
מֵאַיִן	where from? from what place?		adv				מאין את מכירה אותו?‏Where do you know him from?		0-2 assimil-15
חוֹף	beach, shore	ז	n	ח־ו־ף		חוֹפִים	על חוף הים יש מַצִּיל.‏There's a lifeguard [saver] at the beach.		1-17 ח־ו־ף assimil-15
שׂוֹחֶה	swims (m, s)	פָּעַ	v	שׂ־ח־ה		הוֹוֶהשׂוֹחֶהsocheשׂוֹחָהsochaשׂוֹחִיםsochimשׂוֹחוֹתsochotעָבָרשָׂחִיתִיsachitiשָׂחִינוּsachinuשָׂחִיתָsachitaשָׂחִיתsachitשְׂחִיתֶםschitemשְׂחִיתֶןschitenשָׂחָהsachaשָׂחֲתָהsachataשָׂחוּsachuעָתִידאֶשְׂחֶהescheנִשְׂחֶהnischeתִּשְׂחֶהtischeתִּשְׂחִיtischiתִּשְׂחוּtischuתִּשְׂחֶינָהtischenaיִשְׂחֶהyischeתִּשְׂחֶהtischeיִשְׂחוּyischuתִּשְׂחֶינָהtischenaצִוּוּישְׂחֵה!‏sche!שְׂחִי!‏schi!שְׂחוּ!‏schu!שְׂחֶינָה!‏schena!			1-26 Level42 Present1 שׂ־ח־ה assimil-15
חֲתִיכָה	piece, chunk, item; gorgeous, pretty woman (coll.)	נ	n	ח־ת־ך		חֲתִיכוֹת	babe, chick, …		1-16 Level35 Objects ח־ת־ך assimil-15
יָם	sea, ocean	ז	n	י־מ־ם		יַמִּים			0-1 Level40 Nature י־מ־ם assimil-15
אַז	then, next, at that time; so, thus, therefore; so (anyway)		adv pron				מה הוא ענה לך אז?‏What reply did he give you at the time? [What did he reply to you then?] אז תתכונן כבר עכשיו!‏So start preparing [prepare already] now! אז התלבשתי מהר ויצאתי.‏So I got dressed quickly and went out. אז התגלתה כוונתו האמיתית.‏Then his real intention became clear [was revealed]. מה שחסר לי אז, חסר לי גם היום.‏What I lacked then, I still lack today.		0-7 assimil-15
בָּר	bar	ז	n			בָּרִים	place to drink / meteorology		Level29 Places assimil-16
מִצְווָה	commandment	נ	n	צ־ו־ה		מִצְווֹת	"also as ""good deed"" in liberal Judaism היא שומרת מצוות.‏She is observant [observes the religious law]."		2-04 צ־ו־ה assimil-16
בְּקָרוֹב	soon, shortly; trailer (movie)		adv						Adverbs Level24 assimil-16
קָרוֹב	close, near, [up]coming	ז	a	ק־ר־ב		קְרוֹבָה			1-13 1-24 Adjectives1 Level12 ק־ר־ב assimil-16
מַזָּל	luck, (good) fortune; fate, destiny; sign of the Zodiac	ז	n			מַזָּלוֹת			0-7 1-14 AbstractObjects2 Level56 assimil-16
לִקְנוֹת	to buy, purchase; to get, obtain, acquire	פָּעַ	v	ק־נ־ה		הוֹוֶהקוֹנֶהkoneקוֹנָהkonaקוֹנִיםkonimקוֹנוֹתkonotעָבָרקָנִיתִיkanitiקָנִינוּkaninuקָנִיתָkanitaקָנִיתkanitקְנִיתֶםknitemקְנִיתֶןknitenקָנָהkanaקָנְתָהkantaקָנוּkanuעָתִידאֶקְנֶהekneנִקְנֶהnikneתִּקְנֶהtikneתִּקְנִיtikniתִּקְנוּtiknuתִּקְנֶינָהtiknenaיִקְנֶהyikneתִּקְנֶהtikneיִקְנוּyiknuתִּקְנֶינָהtiknenaצִוּוּיקְנֵה!‏kne!קְנִי!‏kni!קְנוּ!‏knu!קְנֶינָה!‏knena!	קָנִיתִי אֶתְמוֹל פִּיצָה.‏Yesterday I bought pizza. הוא רוצה לקנות דירה.‏He wants to buy an apartment.		1-01 Infinitives1 Level45 ק־נ־ה assimil-16
שִׂמְלָה	dress, gown, robe	נ	n	שׂ־מ־ל		שְׂמָלוֹת	הוא קנה אוטו חדש והיא קנתה שמלה חדשה.‏He bought a new car and she bought a new dress. השמלה הזאת מתאימה לי?‏Does this dress fit / suit me? כן, אבל, מותק, צווארון ירוק, זה לא מתאים לשמלה ורודה.‏Yes, but, honey, a green collar doesn’t go with a pink dress.		1-22 Clothing Level14 שׂ־מ־ל assimil-16
יָפָה	beautiful, pleasant, pretty; nice, fine, well	נ	a	י־פ־ה		יָפוֹת	"יַלְדָּה יְפַת־עֵינַיִם‎girl with beautiful [""of""] eyes היא רוקדת יפה.‏She dances well. התקדמת יפה בעברית.‏You've progressed well in Hebrew. תוכנית יפה, אבל עוד צריך לבצע אותה.‏A fine plan, but it still has to be implemented."		1-02 AdjectivesIntro Letters3 Level03 Level07 י־פ־ה assimil-16
שֶׁל	of, belonging to, owned by		prep			שֶׁלִּישֶׁלָּנוּשֶׁלְּךָשֶׁלָּךְשֶׁלָּכֶםשֶׁלָּכֶןשֶׁלּוֹשֶׁלָּהּשֶׁלָּהֶםשֶׁלָּהֶן	ש־‏ which +‎ ל־‏ to		0-2 Level11 Possessives1 assimil-16
שֶׁבַע	seven	נ	#				כל יום אני קם בשבע, אבל אתמול קמתי בטש.‏Every day I get up at seven o'clock, but yesterday I got up at six. התחלתי לעבוד בשבע, המשכתי אחרי הצהריים והפסקתי בארבע בדיוק.‏I started working at seven, continued in the afternoon and stopped at four o'clock sharp.		0-7 Level17 numbers assimil-17
פֹּה	here, (in/at) this place¹		adv				"also כָּאן אתה גָּר פה?‏Do you live here? בָּאתִי לפה לִפְנֵי שָׁעָה.‏I came (""to"") here an hour ago."		0-5 assimil-17
בָּלָאגָן	mess	ז	n	ב־ל־ג־ן		בָּלָגָנִים	"From Persian for balcony (בַּלְקוֹן) / attic, into Turkish & Russian as warehouse, some which became used for ""messy"" theater performances referred as such, then via First Aliyah immigrants into Modern Hebrew slang."		L017 Level70 WelcomeToIsrael assimil ב־ל־ג־ן assimil-17
מְסַדֵּר	arranges, organizes (m, s)	פִּעֵ	v	ס־ד־ר		הוֹוֶהמְסַדֵּרmesaderמְסַדֶּרֶתmesaderetמְסַדְּרִיםmesadrimמְסַדְּרוֹתmesadrotעָבָרסִידַּרְתִּיsidartiסִידַּרְנוּsidarnuסִידַּרְתָּsidartaסִידַּרְתְּsidartסִידַּרְתֶּםsidartemסִידַּרְתֶּןsidartenסִידֵּרsiderסִידְּרָהsidraסִידְּרוּsidruעָתִידאֲסַדֵּרasaderנְסַדֵּרnesaderתְּסַדֵּרtesaderתְּסַדְּרִיtesadriתְּסַדְּרוּtesadruתְּסַדֵּרְנָהtesadernaיְסַדֵּרyesaderתְּסַדֵּרtesaderיְסַדְּרוּyesadruתְּסַדֵּרְנָהtesadernaצִוּוּיסַדֵּר!‏sader!סַדְּרִי!‏sadri!סַדְּרוּ!‏sadru!סַדֵּרְנָה!‏saderna!			1-17 Level43 Present2 ס־ד־ר assimil-17
לְסַדֵּר	to organize, tidy, arrange	פִּעֵ	v	ס־ד־ר		הוֹוֶהמְסַדֵּרmesaderמְסַדֶּרֶתmesaderetמְסַדְּרִיםmesadrimמְסַדְּרוֹתmesadrotעָבָרסִידַּרְתִּיsidartiסִידַּרְנוּsidarnuסִידַּרְתָּsidartaסִידַּרְתְּsidartסִידַּרְתֶּםsidartemסִידַּרְתֶּןsidartenסִידֵּרsiderסִידְּרָהsidraסִידְּרוּsidruעָתִידאֲסַדֵּרasaderנְסַדֵּרnesaderתְּסַדֵּרtesaderתְּסַדְּרִיtesadriתְּסַדְּרוּtesadruתְּסַדֵּרְנָהtesadernaיְסַדֵּרyesaderתְּסַדֵּרtesaderיְסַדְּרוּyesadruתְּסַדֵּרְנָהtesadernaצִוּוּיסַדֵּר!‏sader!סַדְּרִי!‏sadri!סַדְּרוּ!‏sadru!סַדֵּרְנָה!‏saderna!	לא נוּכַל לסדר לך את זה תּוֹךְ שבוע.‏We won't be able to arrange it for you within a week.		1-17 L017 assimil ס־ד־ר assimil-17
חֶדֶר	room	ז	n	ח־ד־ר		חֲדָרִים	הוא נכנס אל החדר.‏He went into the room. הוא סידר את החדר.‏He put the room in order. היא שכרה חדר בעיר.‏‏She rented a room in the city. אני רוצה להזמין חדר במלון.‏I would like to reserve a room in the hotel. הוא הפך את הסלון לחדר שינה.‏He made [turned] the living room into a bedroom. היא הפכה את כל החדר כדי למצוא את העגיל.‏She turned the whole room upside down to find the earring.		1-02 Home Level26 ח־ד־ר assimil-17
שׁוּלְחָן	table, desk	ז	n	ש־ל־ח		שׁוּלְחָנוֹת	הם ישבו מסביב לשולחן.‏They sat around the table. השולחן ערוך והאוכל חם.‏The table js set and the food is hot. מי הפיל את הספרים מעל השולחן?‏Who knocked the books off the table?		1-02 Home Level26 ש־ל־ח assimil-17
אֵלֶּה	these		pro				pl. of זֶה אלה בגדים מלוכלכים.‏These are dirty clothes. אל תשאלו שאלות טפשיות כאלה.‏Don't ask such silly questions. אני מקבל סחרחורת מהסיבובים האלה.‏These turns [in the road, …] make me dizzy.		0-3 assimil-17
שְׁמוֹנֶה	eight	נ	#						0-7 Level17 numbers assimil-18
חֲתוּנָה	wedding	נ	n	ח־ת־ן		חֲתוּנּוֹת	מה דעתך שנִשְׂכּוֹר שמלת חתונה?‏How about hiring a wedding dress? [What is your opinion on…]		1-12 Family Level25 ח־ת־ן assimil-18
כְּמוֹ	like, as		prep				כְּמוֹ שאָמַרְתִּי, אני אוהב לַעֲזור לְךָ.‏Like I said, I love to help you.		1-02 Adverbs Level24 assimil-18
חָתָן	groom; son-in-law	ז	n	ח־ת־ן		חֲתָנִים	bride: כַּלָה		1-12 Family Level25 ח־ת־ן assimil-18
לְאָן	where to, to what place?						לאן אתם ממהרים כל כך?‏Where are you going in such a rush? לאן אתם הולכים? – אנחנו הולכים לקולנוע.‏Where are you going? – We're going to the movies. יש לי אוטו, אני מוכן להסיע אותך לאן שתרצה.‏I have a car, I’m prepared to drive you wherever you like.		0-4 Level18 Questions assimil-18
הוֹלֵךְ	walks, goes (m, s)	פָּעַ	v	ה־ל־ך		הוֹוֶההוֹלֵךְholechהוֹלֶכֶתholechetהוֹלְכִיםholchimהוֹלְכוֹתholchotעָבָרהָלַכְתִּיhalachtiהָלַכְנוּhalachnuהָלַכְתָּhalachtaהָלַכְתְּhalachtהֲלַכְתֶּםhalachtemהֲלַכְתֶּןhalachtenהָלַךְhalachהָלְכָהhalchaהָלְכוּhalchuעָתִידאֵלֵךְelechנֵלֵךְnelechתֵּלֵךְtelechתֵּלְכִיtelchiתֵּלְכוּtelchuתֵּלַכְנָהtelachna תֵּלֵכְנָהtelechnaיֵלֵךְyelechתֵּלֵךְtelechיֵלְכוּyelchuתֵּלַכְנָהtelachna תֵּלֵכְנָהtelechnaצִוּוּילֵךְ!‏lech!לְכִי!‏lechi!לְכוּ!‏lechu!לֵכְנָה!‏lechna!	הפַּעַר גדל והולך.‏The gap is growing wider and wider [growing and going]. הוא הולך כאילו הוא בלע מקל.‏He walks straight as a ramrod [as though he had swallowed a stick]. ניסיתי עוד פעם אבל זה לא הולך לי.‏I tried again but I'm getting nowhere [it isn't going for me]. .זה הולך טוב? – לא, זה לא הולך בכללIs it going well? – No, it's not going [well] at all. צריך להשכיב את הבקבוק, בעמידה זה לא הולך.‏The bottle has to be laid flat, it won’t fit in [won’t go] upright. אם אני ארגיש שמשהו לא הולך, אני תיכף אפסיק.‏If I feel something's wrong [is not going], I'll stop at once.		0-6 Letters2 Level02 Level42 Present1 ה־ל־ך assimil-18
אוֹפֶּרָה	opera	נ	n			אוֹפֵּרוֹת	"via Italian opera [in musica], from Latin ""exertion, work"""		1-09 assimil-18
עִם	with		prep						0-4 assimil-18
מִי	who?		q				"""…, who that"", what person מִי זֶה?‏who's that?"		0-1 Level18 Questions assimil-18
בַּעַל	husband; owner, master	ז	n	ב־ע־ל		בְּעָלִים	היא פשוט שיקרה לבַּעְלָהּ.‏She simply lied to her husband. היא הביאה את בַּעְלָהּ לנשף.‏She brought her husband to the ball. היא תמיד מתווכחת עם בַּעְלָהּ.‏She always argues with her husband. הגברת הציגה אותי לפני בַּעְלָהּ.‏The lady introduced me to her husband. תביא את האדון הזה אל בעל הבית.‏Take this gentleman to the landlord.		1-04 1-05 Family Level25 ב־ע־ל assimil-18
תֵשַׁע	nine	נ	#				הטקס יתחיל בתשע.‏The ceremony begins [will begin] at nine [o'clock]. אל תעיר אותי לפני תשע.‏Don't wake me before nine o'clock. איחרתי לאוטובוס של תשע.‏I missed the nine o'clock bus.		0-7 Level17 numbers assimil-19
מִשְׁפָּחָה	family	נ	n	שׁ־פ־ח		מִשְׁפָּחוֹת	also taxonomical במשפחה הזאת היא לובשת את המכנסיים.‏In this family, she wears the pants.		0-5 Family Level25 שׁ־פ־ח assimil-19
אַבָּא	father, dad	ז	n			אָבוֹת	"תמסרי ד""ש לאבא שלך.‏Give my regards to your father. אִימּוֹ ידעה אבל אָבִיו לא ידע.‏His mother knew but his father didn't know. שמעתי שאָבִיהָ מת לפני שבוע.‏I heard her father died a week ago. אבא שלו לא רוצה שהוא יסע לבד לאילת.‏His father doesn't want him to go to Eilat by himself."		0-5 Letters1 Level01 assimil-19
מְשַׂחֵק	plays, acts (m, s)	פִּעֵ	v	שׂ־ח־ק		הוֹוֶהמְשַׂחֵקmesachekמְשַׂחֶקֶתmesacheketמְשַׂחֲקִיםmesachakimמְשַׂחֲקוֹתmesachakotעָבָרשִׂיחַקְתִּיsichaktiשִׂיחַקְנוּsichaknuשִׂיחַקְתָּsichaktaשִׂיחַקְתְּsichaktשִׂיחַקְתֶּםsichaktemשִׂיחַקְתֶּןsichaktenשִׂיחֵקsichekשִׂיחֲקָהsichakaשִׂיחֲקוּsichakuעָתִידאֲשַׂחֵקasachekנְשַׂחֵקnesachekתְּשַׂחֵקtesachekתְּשַׂחֲקִיtesachakiתְּשַׂחֲקוּtesachakuתְּשַׂחֵקְנָהtesacheknaיְשַׂחֵקyesachekתְּשַׂחֵקtesachekיְשַׂחֲקוּyesachakuתְּשַׂחֵקְנָהtesacheknaצִוּוּישַׂחֵק!‏sachek!שַׂחֲקִי!‏sachaki!שַׂחֲקוּ!‏sachaku!שַׂחֵקְנָה!‏sachekna!	השחקן הזה משחק משחק מעולה.‏This actor acts superbly.		1-06 Level43 Present2 assimil-19
לְשַׂחֵק	to play (game, role)	פִּעֵ	v	שׂ־ח־ק		הוֹוֶהמְשַׂחֵקmesachekמְשַׂחֶקֶתmesacheketמְשַׂחֲקִיםmesachakimמְשַׂחֲקוֹתmesachakotעָבָרשִׂיחַקְתִּיsichaktiשִׂיחַקְנוּsichaknuשִׂיחַקְתָּsichaktaשִׂיחַקְתְּsichaktשִׂיחַקְתֶּםsichaktemשִׂיחַקְתֶּןsichaktenשִׂיחֵקsichekשִׂיחֲקָהsichakaשִׂיחֲקוּsichakuעָתִידאֲשַׂחֵקasachekנְשַׂחֵקnesachekתְּשַׂחֵקtesachekתְּשַׂחֲקִיtesachakiתְּשַׂחֲקוּtesachakuתְּשַׂחֵקְנָהtesacheknaיְשַׂחֵקyesachekתְּשַׂחֵקtesachekיְשַׂחֲקוּyesachakuתְּשַׂחֵקְנָהtesacheknaצִוּוּישַׂחֵק!‏sachek!שַׂחֲקִי!‏sachaki!שַׂחֲקוּ!‏sachaku!שַׂחֵקְנָה!‏sachekna!	‏… שַׁחְמָט/פּוֹקֶר: play chess/poker הילדים יודעים לשחק שח.‏The children know [how] to play chess. אבל אימא לא מרשה לכם לשחק בחוץ.‏But Mother doesn’t allow you to play outside. ילדים, מי שגמר לאכול יכול ללכת לשחק.‏Kids, whoever's finished eating can go play.		1-06 Infinitives1 Level45 שׂ־ח־ק assimil-19
כַּדּוּרֶגֶל	soccer, football	ז	n				כַּדּוּר (ball) + רֶגֶל (foot) derived from English		2-10 Level64 Sports assimil-19
אִימָא	mom	נ	n			אִימָּהוֹת	sing. less formal than אֵם		0-1 1-28 Letters1 Level01 assimil-19
טֶנִיס	tennis	ז	n			טֶנִיסִים	"via French tenez, ""hold!"", ""take!"", …"		Level64 Sports assimil-19
קָטָן	small, little, young; diminutive, insignificant, unimportant	ז	a	ק־ט־ן		קְטַנָּה			1-02 Adjectives1 Level12 ק־ט־ן assimil-19
כַּדּוּר	ball, sphere; bullet; pill, tablet	ז	n			כַּדּוּרִים	‏הילדים הֶעֱבִירוּ בֵּינֵיהֶם את הכדור.‏The children passed the ball to one another.		2-10 Level64 Sports assimil-19
כַּדּוּרְסָל	basketball	ז	n				כַּדּוּר ball + סַל basket no pl.		Level64 Sports assimil-19
אָחוֹת	sister; nurse	נ	n			אֲחָיוֹת	אחותי השתלמה בשיעורי ערב.‏My sister took an extension course at evening classes. האחות הזאת מטפלת בחולים במסירות.‏This nurse cares for the patients devotedly. הילד התחפש לשוטר, ואחותו התחפשה לאסתר המלכ.‏The boy dressed up as a policeman, and his sister dressed up as Queen Esther.		1-18 Family Level25 Level58 Medical assimil-19
מִשְׂחָק	game, match	ז	n	שׁ־ח־ק		מִשְׂחָקִים	any kind למה רימית במשחק?‏Why did you cheat at the game? באיזה משחק נשחק?‏What game shall we play? המשחק הזה משעשע את הקהל.‏This game amuses the audience.		1-06 1-14 Level64 Sports שׁ־ח־ק assimil-19
וִידֵאוֹ	video, VCR	ז	n			וִידֵאוֹאִים			0-3 assimil-19
בַּיִת	house, home; stanza (music)	ז	n	ב־י־ת		בָּתִים	often used in construct form for institutions מתי הוא חוזר הביתה?‏When does he come home? הגנב ברח מבית הסוהר.‏The thief escaped from prison. הפועלים הרסו את הבית הישן.‏The workmen demolished the old house. אתה שוכח שאתה לא בבית פה!‏You forget you're not at home here! החיילים התחבאו מאחורי הבתים.‏The soldiers concealed themselves behind the houses. אנחנו עוברים כל יום לפני הבית שלו.‏We pass by his house every day. בשנה הבאה הם ישכרו בית על שפת הים.‏Next year they're going to rent a house by the sea. הבתים שיוקמו על המגרש הזה יהיו יקרים.‏The houses that will be built on this lot will be expensive. כל הילדים עוזבים את הבית במוקדם או במאוחר.‏All kids leave home sooner or later.		0-5 Home Level26 Level63 Music ב־י־ת assimil-19
עֶשְׂרִים	twenty		#	ע־שׂ־ר			"no gender for 20, 30, …, 90 non-zero first digit comes after a וְ, with gender still applying, eg.: ""33 minutes"": שְׁלוֹשִׁים וְשָׁלוֹשׁ דקות"		1-06 1-09 Level17 numbers ע־שׂ־ר assimil-20
הָעֶשְׂרִים	the twentieth		a	ע־שׂ־ר					1-13 ע־שׂ־ר assimil-20
סוֹף	end, finish	ז	n	ס־ו־ף		סוֹפִים			1-09 1-16 AbstractObjects1 Level37 ס־ו־ף assimil-20
שָׁבוּעַ	week	ז	n	שׁ־ב־ע		שָׁבוּעוֹת	שְׁבוּעַיִים: two weeks העוצר נמשך שבועיים.‏The curfew lasted two weeks. אני עסוק מאוד השבוע.‏I'm very busy this week. נוכל להמשיך בשבוע הבא.‏We can continue next week. אני אעשה את העבודה בשבוע.‏I'll do the job in a week. שמעתי שאביה מת לפני שבוע.‏I heard her father died a week ago. לא נוכל לסדר לך את זה תוך שבוע.‏We won't be able to arrange it for you within a week. זה לוקח שלושה שבועות לקבל תשובה.‏It takes three weeks to get an answer. השבוע חידשו את היחסים בין שתי המדינות.‏This week relations between the two countries were resumed. שילמתי חלק מהמחיר עכשיו ואת היתר אני אשלם בעוד שבוע.‏I paid part of the price now and I'll pay the rest in a week’s time.		1-04 DatesAndTime Level22 שׁ־ב־ע assimil-20
הַשָׁבוּעַ	this week	ז		שׁ־ב־ע			שָׁבוּעַ שֶׁעָבַרlast weekשָׁבוּעַ הַבָּאnext week		1-20 שׁ־ב־ע assimil-20
בְּרֵיכָה	(swimming) pool, pond	נ	n	ב־ר־ך		בְּרֵיכוֹת			1-25 Level35 Objects ב־ר־ך assimil-20
עַל	on (top), about, super-, above, more/larger than		prep prefix				literally, figuratively		0-5 Level21 Prepositions2 assimil-20
פּוֹלִיטִיקָה	politics	נ	n						0-5 assimil-20
אֵשׁ	fire, flame	נ	n			אִשִּׁים	pl. not used in Modern Hebrew המים רתחו, הורדתי אותם מהאש.‏The water was boiling, and I took it off the stove [the fire]. שים עוד עצים, כדי שהאש לא תכבה.‏Put some more wood on, so that the fire doesn't go out. בדרום אפריקה המשטרה פתחה בְּאֵשׁ על המַפְגִינִים.‏The police in South Africa opened fire on the demonstrators.		1-16 Level40 Nature assimil-20
מַחְשֵׁב נַייָּד	laptop	ז	n			מַחְשְׁבִים נַייָּדִים	נַייָּד: portable		Level61 TechnologyAndCommunication assimil-09
בַּקָּשָׁה	request, application	נ	n	ב־ק־שׁ		בַּקָּשׁוֹת	הִגַּשְׁתִּי בקשה להֶיתֵּר יְצִיאָה.‏I applied [submitted a request] for an exit permit.		0-6 1-12 ב־ק־שׁ assimil-10
שָׁם	(over) there		adv				location some distance from speaker		0-3 Adverbs Level24 assimil-15
דִּיאֵטָה	diet	נ	n			דִּיאֵטוֹת	"ultimately Ancient Greek díaita, eg. ""way of life"""		Level58 Medical assimil-16
מֵבִין	understands (m, s)	הִפְ	v	ב־י־ן		הוֹוֶהמֵבִיןmevinמְבִינָהmevinaמְבִינִיםmevinimמְבִינוֹתmevinotעָבָרהֵבַנְתִּיhevanti הֲבִינוֹתִיhavinotiהֵבַנּוּhevannu הֲבִינוֹנוּhavinonuהֵבַנְתָּhevanta הֲבִינוֹתָhavinotaהֵבַנְתְּhevant הֲבִינוֹתhavinotהֲבַנְתֶּםhavantem הֲבִינוֹתֶםhavinotemהֲבַנְתֶּןhavanten הֲבִינוֹתֶןhavinotenהֵבִיןhevinהֵבִינָהhevinaהֵבִינוּhevinuעָתִידאָבִיןavinנָבִיןnavinתָּבִיןtavinתָּבִינִיtaviniתָּבִינוּtavinuתָּבֵנָּהtavenna תְּבִינֶינָהtevinenaיָבִיןyavinתָּבִיןtavinיָבִינוּyavinuתָּבֵנָּהtavenna תְּבִינֶינָהtevinenaצִוּוּיהָבֵן!‏haven!הָבִינִי!‏havini!הָבִינוּ!‏havinu!הָבֵנָּה!‏havenna!	also spoken: mavin אֲנִי לֹא מֵבִין.‏I don't understand. אני כל פעם מתפלא כמה מהר הוא מבין.‏I'm surprised every time how quickly he understands. אני לא מדבר באופן חופשי אבל אני מבין כשאתם מדברים.‏I don't speak fluently but I understand when you speak.		1-01 Level44 Present3 ב־י־ן assimil-16
כִּי	because, for, since		conj				or בִּגְלַל ‏הָלַכְתִּי למְכוּלַת לִקְנוֹת שַׂקִּית חלב כי אמי בִּיקְּשָׁה מִמֶּנִי.‏‎I went to the grocery store to buy a bag of milk because my mother asked me to. השמש נִמְצֵאת עכשיו במִזְרָח, כי זוֹהִי שְׁעַת זְרִיחָתָהּ.‏‎The sun is [located] in the east now, for this is the hour of its [sun]rise.		1-06 Conjunctions Level20 assimil-16
מִיטָּה	bed	נ	n	נ־ט־ה		מִיטּוֹת	תשכב על המיטה, אני אבדוק אותך.‏Lie down on the bed, I'll examine you.		1-03 Home Level26 נ־ט־ה assimil-17
כִּיסֵּא	chair	ז	n	כ־ס־א		כִּיסְּאוֹת	also: throne היא נִכְנְסָה ויָשְׁבָה על כיסא.‏She came in and sat down on a chair.		1-03 Home Level26 כ־ס־א assimil-17
אָח	brother, fellow; male nurse	ז	n			אַחִים	לך תקרא לאחיך.‏Go call your brother. אימא כעסה על אחי הקטן.‏Mother was angry with my younger brother.		1-18 Family Level25 assimil-19
אָחוֹת גְּדוֹלָה	older sister	נ	n		achot g'dolah	אֲחָיוֹת גְּדוֹלוֹת			20 assimil-19
אָחוֹת צְעִירָה	younger sister	נ	n		achot ze'ira	אֲחָיוֹת צְעִירוֹת			20 assimil-19
סוֹף סוֹף	finally, at last; after all		adv				"סוֹף: end סוף סוף הגענו.‏We've arrived at last. ""הנה סיימתי סוף סוף.‏""“And now I’ve finished at last"". סוף סוף התפטרתי ממנו.‏I finally got rid of him. סוף סוף את מגלה שאני כאן!‏You've finally realized I'm here!"		1-09 1-16 1-27 Adverbs Level24 assimil-20
