id,eng_text,heb_word,match_word,match_word_def,Levensht
L001.N1,First lesson,שִׁעוּר,שִׁיעוּר,"lesson, class; rate, measure",1
L001.N1,First lesson,שִׁעוּר,שָׁבוּר,"broken, fractured; depressed, despondent",2
L001.N1,First lesson,רִאשׁוֹן,רִאשׁוֹן,first,0
L001.N1,First lesson,רִאשׁוֹן,לִישׁוֹן,to sleep,2
L001.S02,Good morning (morning-of light),בּוֹקֶר,בּוֹקֶר,"morning, dawn",0
L001.S02,Good morning (morning-of light),בּוֹקֶר,פּוֹקֶר,poker (cards),1
L001.S02,Good morning (morning-of light),אוֹר,אוֹר,light; lamp,0
L001.S02,Good morning (morning-of light),אוֹר,אוֹ,"or, either",1
L002.N2,Second lesson,שִׁעוּר,שִׁיעוּר,"lesson, class; rate, measure",1
L002.N2,Second lesson,שִׁעוּר,שָׁבוּר,"broken, fractured; depressed, despondent",2
L002.N2,Second lesson,שֵׁנִי,שֵׁנִי,second (ordinal); other,0
L002.N2,Second lesson,שֵׁנִי,שֵׁמִי,Semitic,1
L003.N3,Third lesson,שִׁעוּר,שִׁיעוּר,"lesson, class; rate, measure",1
L003.N3,Third lesson,שִׁעוּר,שָׁבוּר,"broken, fractured; depressed, despondent",2
L003.N3,Third lesson,שׁלִישִׁי,שְׁלִישִׁי,third,1
L003.N3,Third lesson,שׁלִישִׁי,אִישִׁי,"personal, private",3
L003.S00,Not bad (same word twice),כָּכָה,בָּאָה,"comes, [came] (f, s, [3rd])",2
L003.S00,Not bad (same word twice),כָּכָה,בָּמָה,"platform, stage",2
L003.S00,Not bad (same word twice),כָּכָה,בָּאָה,"comes, [came] (f, s, [3rd])",2
L003.S00,Not bad (same word twice),כָּכָה,בָּמָה,"platform, stage",2
L003.S01,"How are you, Lior?",מַה,מַה,"what? how much, why, how",0
L003.S01,"How are you, Lior?",מַה,מַס,"tax, fee",1
L003.S01,"How are you, Lior?",שׁלוֹמךָ,לוֹמֵד,"studies (m, s)",4
L003.S01,"How are you, Lior?",שׁלוֹמךָ,לוֹמַר,"to say, tell",4
L003.S01,"How are you, Lior?",לִיאוֹר,לִיצוֹר,"to create, form; to produce, generate",1
L003.S01,"How are you, Lior?",לִיאוֹר,לִימוֹן,lemon,2
L003.S03,"How are you, Shirli?",מַה,מַה,"what? how much, why, how",0
L003.S03,"How are you, Shirli?",מַה,מַס,"tax, fee",1
L003.S03,"How are you, Shirli?",שׁלוֹמֵך,לוֹמֵד,"studies (m, s)",3
L003.S03,"How are you, Shirli?",שׁלוֹמֵך,שׁוֹבֵר,"breaks (m, s)",3
L003.S03,"How are you, Shirli?",שִׁירלִי,שִׁטְחִי,"superficial, surface, shallow",3
L003.S03,"How are you, Shirli?",שִׁירלִי,שִׁיר,"song, poem",3
L004.N4,Fourth lesson,שִׁעוּר,שִׁיעוּר,"lesson, class; rate, measure",1
L004.N4,Fourth lesson,שִׁעוּר,שָׁבוּר,"broken, fractured; depressed, despondent",2
L004.N4,Fourth lesson,רְבִיעִי,רְבִיעִי,fourth,0
L004.N4,Fourth lesson,רְבִיעִי,רְצִינִי,serious,2
L004.S01,What are you(m) drinking?,מַה,מַה,"what? how much, why, how",0
L004.S01,What are you(m) drinking?,מַה,מַס,"tax, fee",1
L004.S01,What are you(m) drinking?,אַתָה,אַתָה,you,0
L004.S01,What are you(m) drinking?,אַתָה,אֲתָר,site,2
L004.S01,What are you(m) drinking?,שׁוֹתֶה,שׁוֹתֶה,"drinks (m, s)",0
L004.S01,What are you(m) drinking?,שׁוֹתֶה,שׁוֹנֶה,"different, diverse, separate",1
L004.S02,"Tea, thanks",תֵה,אֵל,"god, supreme diety",2
L004.S02,"Tea, thanks",תֵה,אֵם,"mother, matriarch",2
L004.S02,"Tea, thanks",תוֹדָה,תּוֹדָה,thanks,1
L004.S02,"Tea, thanks",תוֹדָה,דּוֹדָה,aunt,2
L004.S03,What are you(f) drinking?,מַה,מַה,"what? how much, why, how",0
L004.S03,What are you(f) drinking?,מַה,מַס,"tax, fee",1
L004.S03,What are you(f) drinking?,אַת,אַת,you,0
L004.S03,What are you(f) drinking?,אַת,אֶת,[Direct Object Marker],1
L004.S03,What are you(f) drinking?,שׁוֹתָה,שׁוֹתָה,"drinks (f, s)",0
L004.S03,What are you(f) drinking?,שׁוֹתָה,שׁוֹאָה,"catastrophe, ruin, calamity, disaster",1
L004.S04,"Beer, thanks",בִּירָה,בִּירָה,"beer; capital city, palace",0
L004.S04,"Beer, thanks",בִּירָה,דִּירָה,apartment,1
L004.S04,"Beer, thanks",תוֹדָה,תּוֹדָה,thanks,1
L004.S04,"Beer, thanks",תוֹדָה,דּוֹדָה,aunt,2
L005.N5,Fifth lesson,שִׁעוּר,שִׁיעוּר,"lesson, class; rate, measure",1
L005.N5,Fifth lesson,שִׁעוּר,שָׁבוּר,"broken, fractured; depressed, despondent",2
L005.N5,Fifth lesson,חֲמִישִׁי,חֲמִישִׁי,fifth,0
L005.N5,Fifth lesson,חֲמִישִׁי,חֲמִישִּׁים,fifty,2
L005.S02,What are you learning?,מַה,מַה,"what? how much, why, how",0
L005.S02,What are you learning?,מַה,מַס,"tax, fee",1
L005.S02,What are you learning?,אַתָה,אַתָה,you,0
L005.S02,What are you learning?,אַתָה,אֲתָר,site,2
L005.S02,What are you learning?,לוֹמֵד,לוֹמֵד,"studies (m, s)",0
L005.S02,What are you learning?,לוֹמֵד,עוֹמֵד,"stands (m, s)",1
L005.S03,I am learning Hebrew.,אֲנִי,אֲנִי,"I, ego",0
L005.S03,I am learning Hebrew.,אֲנִי,אִי,island,2
L005.S03,I am learning Hebrew.,לוֹמֵד,לוֹמֵד,"studies (m, s)",0
L005.S03,I am learning Hebrew.,לוֹמֵד,עוֹמֵד,"stands (m, s)",1
L005.S03,I am learning Hebrew.,עִברִית,עִבְרִית,Hebrew,1
L005.S03,I am learning Hebrew.,עִברִית,אִירִית,Irish / Gaelic (lang.),2
L005.S04,"Leah, what are you learning?",לֵאָה,מֵאָה,"one hundred, century",1
L005.S04,"Leah, what are you learning?",לֵאָה,לְאָן,"where to, to what place?",2
L005.S04,"Leah, what are you learning?",מַה,מַה,"what? how much, why, how",0
L005.S04,"Leah, what are you learning?",מַה,מַס,"tax, fee",1
L005.S04,"Leah, what are you learning?",אַת,אַת,you,0
L005.S04,"Leah, what are you learning?",אַת,אֶת,[Direct Object Marker],1
L005.S04,"Leah, what are you learning?",לוֹמֶדֶת,אוֹהֶדֶת,"fan (sports), supporter",2
L005.S04,"Leah, what are you learning?",לוֹמֶדֶת,לוֹחֶמֶת,"warrior, fighter",2
L005.S05,I(f) am learning Latin.,אֲנִי,אֲנִי,"I, ego",0
L005.S05,I(f) am learning Latin.,אֲנִי,אִי,island,2
L005.S05,I(f) am learning Latin.,לוֹמֶדֶת,אוֹהֶדֶת,"fan (sports), supporter",2
L005.S05,I(f) am learning Latin.,לוֹמֶדֶת,לוֹחֶמֶת,"warrior, fighter",2
L005.S05,I(f) am learning Latin.,לָטִינִית,סִינִית,Chinese (lang.),3
L005.S05,I(f) am learning Latin.,לָטִינִית,רְצִינִית,serious,3
L005.T05,What is Shirli learning?,מה,ה,He,1
L005.T05,What is Shirli learning?,מה,מ,Mem,1
L005.T05,What is Shirli learning?,שירלי,טָרִי,fresh,3
L005.T05,What is Shirli learning?,שירלי,שֶׁל,"of, belonging to, owned by",3
L005.T05,What is Shirli learning?,לומדת,אֱמֶת,truth,3
L005.T05,What is Shirli learning?,לומדת,לֶפֶת,turnip,3
L006.N6,Sixth lesson,שִׁעוּר,שִׁיעוּר,"lesson, class; rate, measure",1
L006.N6,Sixth lesson,שִׁעוּר,שָׁבוּר,"broken, fractured; depressed, despondent",2
L006.N6,Sixth lesson,שִׁישִׁי,שִׁישִּׁי,sixth,1
L006.N6,Sixth lesson,שִׁישִׁי,אִישִׁי,"personal, private",2
L006.S00,Okay,בְּסֵדֶר,בְּסֵדֶר,"alright, fine",0
L006.S00,Okay,בְּסֵדֶר,סֵדֶר,"order, arrangement",3
L006.S01,What's up (is-heard) Yael?,מַה,מַה,"what? how much, why, how",0
L006.S01,What's up (is-heard) Yael?,מַה,מַס,"tax, fee",1
L006.S01,What's up (is-heard) Yael?,נִשׁמַע,יִשְׁמַע,will hear,2
L006.S01,What's up (is-heard) Yael?,נִשׁמַע,נִשְׁמָע,was heard,2
L006.S01,What's up (is-heard) Yael?,יָעֵל,יָעִיל,"efficient, effective",2
L006.S01,What's up (is-heard) Yael?,יָעֵל,נָמֵל,"port, harbor",2
L006.S03,"What's new, Daniel? ",מַה,מַה,"what? how much, why, how",0
L006.S03,"What's new, Daniel? ",מַה,מַס,"tax, fee",1
L006.S03,"What's new, Daniel? ",חָדָשׁ,חָדָשׁ,"new, current, recent[ly made]",0
L006.S03,"What's new, Daniel? ",חָדָשׁ,חָמֵשׁ,five,2
L006.S03,"What's new, Daniel? ",דָנִיאֵל,חָצִיל,eggplant,4
L006.S03,"What's new, Daniel? ",דָנִיאֵל,יָעִיל,"efficient, effective",4
L006.S04,Nothing's new,אֵין,אֵין,there isn't / aren't,0
L006.S04,Nothing's new,אֵין,אֵיך,how?,1
L006.S04,Nothing's new,חָדָשׁ,חָדָשׁ,"new, current, recent[ly made]",0
L006.S04,Nothing's new,חָדָשׁ,חָמֵשׁ,five,2
L006.S05,"Pity, see you! (to-see-each-other)",חֲבָל,חֲבָל,pity,0
L006.S05,"Pity, see you! (to-see-each-other)",חֲבָל,אֲבָל,"but, however",1
L006.S05,"Pity, see you! (to-see-each-other)",לְהִתרָאוֹת,לְהִתְרָאוֹת,"See you later!, Goodbye; meet (so.), see again, appear",1
L006.S05,"Pity, see you! (to-see-each-other)",לְהִתרָאוֹת,לְהֵירָאוֹת,"to be visible, appear, seem",2
L007.N7,Seventh lesson,שִׁעוּר,שִׁיעוּר,"lesson, class; rate, measure",1
L007.N7,Seventh lesson,שִׁעוּר,שָׁבוּר,"broken, fractured; depressed, despondent",2
L007.N7,Seventh lesson,שׁבִיעִי,שְׁבִיעִי,seventh,1
L007.N7,Seventh lesson,שׁבִיעִי,רְבִיעִי,fourth,2
L007.S00,Review,חֲזָרָה,הֲמָרָה,"exchange, substitution, changing, converting [money, religion]",2
L007.S00,Review,חֲזָרָה,אֲדָמָה,"earth, ground, soil, land",3
L007.S05,I am learning Hebrew with Assimil (by-Assumil),אֲנִי,אֲנִי,"I, ego",0
L007.S05,I am learning Hebrew with Assimil (by-Assumil),אֲנִי,אִי,island,2
L007.S05,I am learning Hebrew with Assimil (by-Assumil),לוֹמֵד,לוֹמֵד,"studies (m, s)",0
L007.S05,I am learning Hebrew with Assimil (by-Assumil),לוֹמֵד,עוֹמֵד,"stands (m, s)",1
L007.S05,I am learning Hebrew with Assimil (by-Assumil),עִברִית,עִבְרִית,Hebrew,1
L007.S05,I am learning Hebrew with Assimil (by-Assumil),עִברִית,אִירִית,Irish / Gaelic (lang.),2
L007.S05,I am learning Hebrew with Assimil (by-Assumil),בְּאַסִימִיל,פֵּסִימִי,pessimistic,5
L008.N8,Eigth lesson,שִׁעוּר,שִׁיעוּר,"lesson, class; rate, measure",1
L008.N8,Eigth lesson,שִׁעוּר,שָׁבוּר,"broken, fractured; depressed, despondent",2
L008.N8,Eigth lesson,שׁמִינִי,שְׁמִינִי,eighth,1
L008.N8,Eigth lesson,שׁמִינִי,סִינִי,Chinese,3
L008.S00,Speaking,דִבּוּרִים,פּוּרִים,Purim,3
L008.S00,Speaking,דִבּוּרִים,צִיבּוּרִי,public,3
L008.S01,Do you(m) speak hebrew?,אַתָה,אַתָה,you,0
L008.S01,Do you(m) speak hebrew?,אַתָה,אֲתָר,site,2
L008.S01,Do you(m) speak hebrew?,מְדַבֵּר,יְדַבֵּר,"will speak/talk (3rd, m, s)",1
L008.S01,Do you(m) speak hebrew?,מְדַבֵּר,לְדַבֵּר,"to speak, talk",1
L008.S01,Do you(m) speak hebrew?,עִברִית,עִבְרִית,Hebrew,1
L008.S01,Do you(m) speak hebrew?,עִברִית,אִירִית,Irish / Gaelic (lang.),2
L008.S02,Not only Hebrew. I'm from Poland; I speak Polish.,לֹא,לֹא,"no, not",0
L008.S02,Not only Hebrew. I'm from Poland; I speak Polish.,לֹא,א,Alef,2
L008.S02,Not only Hebrew. I'm from Poland; I speak Polish.,רַק,רַק,"only, just",0
L008.S02,Not only Hebrew. I'm from Poland; I speak Polish.,רַק,רַב,"many, much, great, enough",1
L008.S02,Not only Hebrew. I'm from Poland; I speak Polish.,עִברִית,עִבְרִית,Hebrew,1
L008.S02,Not only Hebrew. I'm from Poland; I speak Polish.,עִברִית,אִירִית,Irish / Gaelic (lang.),2
L008.S02,Not only Hebrew. I'm from Poland; I speak Polish.,אֲנִי,אֲנִי,"I, ego",0
L008.S02,Not only Hebrew. I'm from Poland; I speak Polish.,אֲנִי,אִי,island,2
L008.S02,Not only Hebrew. I'm from Poland; I speak Polish.,מִפּוֹלָניָה,מִפְלָגָה,(political) party,5
L008.S02,Not only Hebrew. I'm from Poland; I speak Polish.,מִפּוֹלָניָה,פּוֹלָנִית,Polish (lang.),5
L008.S02,Not only Hebrew. I'm from Poland; I speak Polish.,אֲנִי,אֲנִי,"I, ego",0
L008.S02,Not only Hebrew. I'm from Poland; I speak Polish.,אֲנִי,אִי,island,2
L008.S02,Not only Hebrew. I'm from Poland; I speak Polish.,מְדַבֵּר,יְדַבֵּר,"will speak/talk (3rd, m, s)",1
L008.S02,Not only Hebrew. I'm from Poland; I speak Polish.,מְדַבֵּר,לְדַבֵּר,"to speak, talk",1
L008.S02,Not only Hebrew. I'm from Poland; I speak Polish.,פּוֹלָנִית,פּוֹלָנִית,Polish (lang.),0
L008.S02,Not only Hebrew. I'm from Poland; I speak Polish.,פּוֹלָנִית,גּוּפָנִית,"physical, bodily, material",3
L008.S04,"He is from Russia; he speaks Russian, Yiddish, and Ulpan Hebrew.",הוּא,הוּא,he,0
L008.S04,"He is from Russia; he speaks Russian, Yiddish, and Ulpan Hebrew.",הוּא,בָּא,"come(s), [came] (m, s, [3rd])",2
L008.S04,"He is from Russia; he speaks Russian, Yiddish, and Ulpan Hebrew.",מֵרוּסיָה,מֵדוּזָה,jellyfish,3
L008.S04,"He is from Russia; he speaks Russian, Yiddish, and Ulpan Hebrew.",מֵרוּסיָה,רוּסְיָה,Russia,3
L008.S04,"He is from Russia; he speaks Russian, Yiddish, and Ulpan Hebrew.",הוּא,הוּא,he,0
L008.S04,"He is from Russia; he speaks Russian, Yiddish, and Ulpan Hebrew.",הוּא,בָּא,"come(s), [came] (m, s, [3rd])",2
L008.S04,"He is from Russia; he speaks Russian, Yiddish, and Ulpan Hebrew.",מְדַבֵּר,יְדַבֵּר,"will speak/talk (3rd, m, s)",1
L008.S04,"He is from Russia; he speaks Russian, Yiddish, and Ulpan Hebrew.",מְדַבֵּר,לְדַבֵּר,"to speak, talk",1
L008.S04,"He is from Russia; he speaks Russian, Yiddish, and Ulpan Hebrew.",רוּסִית,רוּסִית,Russian (lang.),0
L008.S04,"He is from Russia; he speaks Russian, Yiddish, and Ulpan Hebrew.",רוּסִית,רוּסִי,Russian,1
L008.S04,"He is from Russia; he speaks Russian, Yiddish, and Ulpan Hebrew.",אִידִישׁ,יִידִישׁ,Yiddish (lang.),1
L008.S04,"He is from Russia; he speaks Russian, Yiddish, and Ulpan Hebrew.",אִידִישׁ,אִיטִית,slow,3
L008.S04,"He is from Russia; he speaks Russian, Yiddish, and Ulpan Hebrew.",וְעִברִית,עִבְרִית,Hebrew,3
L008.S04,"He is from Russia; he speaks Russian, Yiddish, and Ulpan Hebrew.",וְעִברִית,אִירִית,Irish / Gaelic (lang.),4
L008.S04,"He is from Russia; he speaks Russian, Yiddish, and Ulpan Hebrew.",שֶׁל,שֶׁל,"of, belonging to, owned by",0
L008.S04,"He is from Russia; he speaks Russian, Yiddish, and Ulpan Hebrew.",שֶׁל,שֶׁף,"chef, chief cook",1
L008.S04,"He is from Russia; he speaks Russian, Yiddish, and Ulpan Hebrew.",אוּלפָּן,אוּלְפָּן,studio,3
L008.S04,"He is from Russia; he speaks Russian, Yiddish, and Ulpan Hebrew.",אוּלפָּן,אוּלָם,hall,3
L008.S06,Rinah? She speaks Shabbat Hebrew!,רִנָה,קָנָה,"bought (3rd, m, s)",2
L008.S06,Rinah? She speaks Shabbat Hebrew!,רִנָה,רִיצָה,"running, race, jogging",2
L008.S06,Rinah? She speaks Shabbat Hebrew!,הִיא,הִיא,she,0
L008.S06,Rinah? She speaks Shabbat Hebrew!,הִיא,אִי,island,2
L008.S06,Rinah? She speaks Shabbat Hebrew!,מְדַבֶּרֶת,מְחַנֶּכֶת,educator,3
L008.S06,Rinah? She speaks Shabbat Hebrew!,מְדַבֶּרֶת,מְפַקֶּדֶת,commander,3
L008.S06,Rinah? She speaks Shabbat Hebrew!,עִברִית,עִבְרִית,Hebrew,1
L008.S06,Rinah? She speaks Shabbat Hebrew!,עִברִית,אִירִית,Irish / Gaelic (lang.),2
L008.S06,Rinah? She speaks Shabbat Hebrew!,שֶׁל,שֶׁל,"of, belonging to, owned by",0
L008.S06,Rinah? She speaks Shabbat Hebrew!,שֶׁל,שֶׁף,"chef, chief cook",1
L008.S06,Rinah? She speaks Shabbat Hebrew!,שַׁבָּת,שַׁבָּת,"Sabbath, day of rest; Saturday",2
L008.S06,Rinah? She speaks Shabbat Hebrew!,שַׁבָּת,בַּת,"daughter, girl",4
L008.T01,Anatol speaks Ulpan Hebrew.,אנטול,אֲבָל,"but, however",3
L008.T01,Anatol speaks Ulpan Hebrew.,אנטול,אֵבֶל,"grief, mourning",3
L008.T01,Anatol speaks Ulpan Hebrew.,מדבר,מַר,bitter,2
L008.T01,Anatol speaks Ulpan Hebrew.,מדבר,מהיר,,2
L008.T01,Anatol speaks Ulpan Hebrew.,עברית,בַּת,"daughter, girl",3
L008.T01,Anatol speaks Ulpan Hebrew.,עברית,זֶרֶת,"pinkie, little finger",3
L008.T01,Anatol speaks Ulpan Hebrew.,של,ל,Lamed,1
L008.T01,Anatol speaks Ulpan Hebrew.,של,A,Alpha,2
L008.T01,Anatol speaks Ulpan Hebrew.,אולפּן,אֵלֶּה,these,3
L008.T01,Anatol speaks Ulpan Hebrew.,אולפּן,אוֹזֶן,ear,3
L008.T02,Rina speaks Shabbat Hebrew.,רנה,ה,He,2
L008.T02,Rina speaks Shabbat Hebrew.,רנה,זֶה,this,2
L008.T02,Rina speaks Shabbat Hebrew.,מדברת,דָּת,religion,3
L008.T02,Rina speaks Shabbat Hebrew.,מדברת,מֵת,"dead, deceased",3
L008.T02,Rina speaks Shabbat Hebrew.,עברית,בַּת,"daughter, girl",3
L008.T02,Rina speaks Shabbat Hebrew.,עברית,זֶרֶת,"pinkie, little finger",3
L008.T02,Rina speaks Shabbat Hebrew.,של,ל,Lamed,1
L008.T02,Rina speaks Shabbat Hebrew.,של,A,Alpha,2
L008.T02,Rina speaks Shabbat Hebrew.,שבת,אֶת,[Direct Object Marker],2
L008.T02,Rina speaks Shabbat Hebrew.,שבת,אַת,you,2
L008.T03,He is from Russia; he speaks Russian,הוא,הוּא,he,1
L008.T03,He is from Russia; he speaks Russian,הוא,א,Alef,2
L008.T03,He is from Russia; he speaks Russian,מרוסיה,מָסָה,mass,3
L008.T03,He is from Russia; he speaks Russian,מרוסיה,טִיסָה,flight (by plane),4
L008.T03,He is from Russia; he speaks Russian,הוא,הוּא,he,1
L008.T03,He is from Russia; he speaks Russian,הוא,א,Alef,2
L008.T03,He is from Russia; he speaks Russian,מדבר,מַר,bitter,2
L008.T03,He is from Russia; he speaks Russian,מדבר,מהיר,,2
L008.T03,He is from Russia; he speaks Russian,רוסית,רוּסִית,Russian (lang.),2
L008.T03,He is from Russia; he speaks Russian,רוסית,רִיס,eyelash,3
L008.T04,She is from Poland; she speaks Polish.,היא,הִיא,she,1
L008.T04,She is from Poland; she speaks Polish.,היא,א,Alef,2
L008.T04,She is from Poland; she speaks Polish.,מפּולניה,בּוֹנֶה,beaver,4
L008.T04,She is from Poland; she speaks Polish.,מפּולניה,מְכוֹנָה,machine,4
L008.T04,She is from Poland; she speaks Polish.,היא,הִיא,she,1
L008.T04,She is from Poland; she speaks Polish.,היא,א,Alef,2
L008.T04,She is from Poland; she speaks Polish.,מדברת,דָּת,religion,3
L008.T04,She is from Poland; she speaks Polish.,מדברת,מֵת,"dead, deceased",3
L008.T04,She is from Poland; she speaks Polish.,פּולנית,פּוֹלִין,Poland,3
L008.T04,She is from Poland; she speaks Polish.,פּולנית,פּוֹלָנִית,Polish (lang.),3
L008.T05,I speak Yiddish and Hebrew.,אני,אִי,island,1
L008.T05,I speak Yiddish and Hebrew.,אני,א,Alef,2
L008.T05,I speak Yiddish and Hebrew.,מדברת,דָּת,religion,3
L008.T05,I speak Yiddish and Hebrew.,מדברת,מֵת,"dead, deceased",3
L008.T05,I speak Yiddish and Hebrew.,אידיש,אִי,island,3
L008.T05,I speak Yiddish and Hebrew.,אידיש,אִישׁ,"man, person; people (pl.)",3
L008.T05,I speak Yiddish and Hebrew.,ועברית,אִירִית,Irish / Gaelic (lang.),4
L008.T05,I speak Yiddish and Hebrew.,ועברית,אָבִיב,spring (season),4
L009.N9,Ninth lesson,שִׁעוּר,שִׁיעוּר,"lesson, class; rate, measure",1
L009.N9,Ninth lesson,שִׁעוּר,שָׁבוּר,"broken, fractured; depressed, despondent",2
L009.N9,Ninth lesson,תשִׁיעִי,תְּשִׁיעִי,ninth,2
L009.N9,Ninth lesson,תשִׁיעִי,טִבְעִי,natural,4
L009.S00,Computers,מַחשֵׁבִים,מַחְשֵׁב,computer,4
L009.S00,Computers,מַחשֵׁבִים,בִּשְׁבִיל,for (the sake / purpose of),5
L009.S03,What do you (m pl) want?,מַה,מַה,"what? how much, why, how",0
L009.S03,What do you (m pl) want?,מַה,מַס,"tax, fee",1
L009.S03,What do you (m pl) want?,אַתֶם,אַתֶם,"you, ""you guys"" (pl.)",0
L009.S03,What do you (m pl) want?,אַתֶם,אַתֶן,you (pl.),1
L009.S03,What do you (m pl) want?,רוֹצִים,רוֹצִים,"want (m, p)",0
L009.S03,What do you (m pl) want?,רוֹצִים,רוֹאִים,"see (m, p)",1
L009.S04,We want a computer for our son.,אֲנַחנוּ,אֲנַחְנוּ,we,1
L009.S04,We want a computer for our son.,אֲנַחנוּ,אֲפִילוּ,even,4
L009.S04,We want a computer for our son.,רוֹצִים,רוֹצִים,"want (m, p)",0
L009.S04,We want a computer for our son.,רוֹצִים,רוֹאִים,"see (m, p)",1
L009.S04,We want a computer for our son.,מַחשֵׁב,מַחְשֵׁב,computer,1
L009.S04,We want a computer for our son.,מַחשֵׁב,חוֹשֵׁב,"thinks (m, s)",3
L009.S04,We want a computer for our son.,לַבֵּן,גַּן,"garden, park",3
L009.S04,We want a computer for our son.,לַבֵּן,לָבָן,white,3
L009.S05,He wants a computer with internet.,הוּא,הוּא,he,0
L009.S05,He wants a computer with internet.,הוּא,בָּא,"come(s), [came] (m, s, [3rd])",2
L009.S05,He wants a computer with internet.,רוֹצֶה,רוֹצֶה,"wants (m, s)",0
L009.S05,He wants a computer with internet.,רוֹצֶה,רוֹאֶה,"sees (m, s)",1
L009.S05,He wants a computer with internet.,מַחשֵׁב,מַחְשֵׁב,computer,1
L009.S05,He wants a computer with internet.,מַחשֵׁב,חוֹשֵׁב,"thinks (m, s)",3
L009.S05,He wants a computer with internet.,וְאִנטֶרנֶט,אִינטֶרנֶט,internet,3
L009.S05,He wants a computer with internet.,וְאִנטֶרנֶט,אִינְטֶרְנֶט,Internet,5
L009.S06,And your (the) daughter?,וְהַבַּת,בַּת,"daughter, girl",4
L009.S06,And your (the) daughter?,וְהַבַּת,יְדַבֵּר,"will speak/talk (3rd, m, s)",4
L009.S07,She wants a laptop.,הִיא,הִיא,she,0
L009.S07,She wants a laptop.,הִיא,אִי,island,2
L009.S07,She wants a laptop.,רוֹצָה,רוֹצָה,"wants (f, s)",0
L009.S07,She wants a laptop.,רוֹצָה,רוֹאָה,"sees (f, s)",1
L009.S07,She wants a laptop.,מַחשֵׁב,מַחְשֵׁב,computer,1
L009.S07,She wants a laptop.,מַחשֵׁב,חוֹשֵׁב,"thinks (m, s)",3
L009.S07,She wants a laptop.,נִשָׂא,אִימָא,mom,3
L009.S07,She wants a laptop.,נִשָׂא,נִפְלָא,"wonderful, marvellous",3
L009.T01,The son and the daughter want a computer.,הבן,הֵן,they,1
L009.T01,The son and the daughter want a computer.,הבן,ה,He,2
L009.T01,The son and the daughter want a computer.,והבת,אֶת,[Direct Object Marker],3
L009.T01,The son and the daughter want a computer.,והבת,אַת,you,3
L009.T01,The son and the daughter want a computer.,רוצים,רוֹצִים,"want (m, p)",2
L009.T01,The son and the daughter want a computer.,רוצים,חוֹם,"heat, warmth; fever, (ill) temperature",3
L009.T01,The son and the daughter want a computer.,מחשב,אֵשׁ,"fire, flame",3
L009.T01,The son and the daughter want a computer.,מחשב,בּ ב,Bet & Vet,3
L009.T02,He wants a laptop.,הוא,הוּא,he,1
L009.T02,He wants a laptop.,הוא,א,Alef,2
L009.T02,He wants a laptop.,רוצה,רָצָה,"wanted (3rd, m, s)",2
L009.T02,He wants a laptop.,רוצה,רוֹב,"majority, most [of]",2
L009.T02,He wants a laptop.,מחשב,אֵשׁ,"fire, flame",3
L009.T02,He wants a laptop.,מחשב,בּ ב,Bet & Vet,3
L009.T02,He wants a laptop.,נשא,א,Alef,2
L009.T02,He wants a laptop.,נשא,לֹא,"no, not",2
L009.T03,She wants internet.,היא,הִיא,she,1
L009.T03,She wants internet.,היא,א,Alef,2
L009.T03,She wants internet.,רוצה,רָצָה,"wanted (3rd, m, s)",2
L009.T03,She wants internet.,רוצה,רוֹב,"majority, most [of]",2
L009.T03,She wants internet.,אנטרנט,אִינטֶרנֶט,internet,4
L009.T03,She wants internet.,אנטרנט,אֵירוֹ,Euro,4
L009.T04,What do you (m pl) want?,מה,ה,He,1
L009.T04,What do you (m pl) want?,מה,מ,Mem,1
L009.T04,What do you (m pl) want?,אתם,אִם,"if, whether; in case, if",1
L009.T04,What do you (m pl) want?,אתם,אֵם,"mother, matriarch",1
L009.T04,What do you (m pl) want?,רוצים,רוֹצִים,"want (m, p)",2
L009.T04,What do you (m pl) want?,רוצים,חוֹם,"heat, warmth; fever, (ill) temperature",3
L009.T05,We want computers.,אנחנו,אֶחָד,one,3
L009.T05,We want computers.,אנחנו,אַחֵר,"[an]other, further, else; different, unusal",3
L009.T05,We want computers.,רוצים,רוֹצִים,"want (m, p)",2
L009.T05,We want computers.,רוצים,חוֹם,"heat, warmth; fever, (ill) temperature",3
L009.T05,We want computers.,מחשבים,חֲבָל,pity,4
L009.T05,We want computers.,מחשבים,חֶבֶל,rope,4
L010.N10,Tenth lesson,שִׁעוּר,שִׁיעוּר,"lesson, class; rate, measure",1
L010.N10,Tenth lesson,שִׁעוּר,שָׁבוּר,"broken, fractured; depressed, despondent",2
L010.N10,Tenth lesson,עֲשִׂירִי,עֲשִׂירִי,tenth,0
L010.N10,Tenth lesson,עֲשִׂירִי,חֲסִידִי,hassidic,4
L010.S00,At a cafe,בְּבֵית,בְּרִית,"covenant, alliance",2
L010.S00,At a cafe,בְּבֵית,בְּלִי,without,3
L010.S00,At a cafe,קָפֶה,קָפֶה,coffee,0
L010.S00,At a cafe,קָפֶה,יָפֶה,"beautiful, pleasant, pretty; nice, fine, well",1
L010.S01,Good evening.  What would you (f pl) like (want)?,עֶרֶב,עֶרֶב,evening,0
L010.S01,Good evening.  What would you (f pl) like (want)?,עֶרֶב,חֶרֶב,"sword, saber",1
L010.S01,Good evening.  What would you (f pl) like (want)?,טוֹב,טוֹב,"good, well, pleasant, appropriate",0
L010.S01,Good evening.  What would you (f pl) like (want)?,טוֹב,חוֹב,debt,1
L010.S01,Good evening.  What would you (f pl) like (want)?,מַה,מַה,"what? how much, why, how",0
L010.S01,Good evening.  What would you (f pl) like (want)?,מַה,מַס,"tax, fee",1
L010.S01,Good evening.  What would you (f pl) like (want)?,אַתֶן,אַתֶן,you (pl.),0
L010.S01,Good evening.  What would you (f pl) like (want)?,אַתֶן,אַתֶם,"you, ""you guys"" (pl.)",1
L010.S01,Good evening.  What would you (f pl) like (want)?,רוֹצוֹת,רוֹצוֹת,"want (f, p)",0
L010.S01,Good evening.  What would you (f pl) like (want)?,רוֹצוֹת,רוֹאוֹת,"see (f, p)",1
L010.S02,"Coffee and cake, please.",קָפֶה,קָפֶה,coffee,0
L010.S02,"Coffee and cake, please.",קָפֶה,יָפֶה,"beautiful, pleasant, pretty; nice, fine, well",1
L010.S02,"Coffee and cake, please.",וְעוּגָה,סְעוּדָה,"feast, meal, banquet",2
L010.S02,"Coffee and cake, please.",וְעוּגָה,עוּגָה,cake,2
L010.S02,"Coffee and cake, please.",בְּבַקָשָׁה,בְּבַקָשָׁה,please; you're welcome,2
L010.S02,"Coffee and cake, please.",בְּבַקָשָׁה,בְּעָיָה,problem,5
L010.S03,Is there cheese cake?,יֵשׁ,יֵשׁ,"there is/are/exist; existence, Being, entity",0
L010.S03,Is there cheese cake?,יֵשׁ,אֵשׁ,"fire, flame",1
L010.S03,Is there cheese cake?,עוּגַת,עוּגָה,cake,2
L010.S03,Is there cheese cake?,עוּגַת,אוּלַי,maybe,3
L010.S03,Is there cheese cake?,גבִינָה,גְבִינָה,cheese,1
L010.S03,Is there cheese cake?,גבִינָה,בִּירָה,"beer; capital city, palace",3
L010.S04,"There isn't any cheesecake, but there's a good poppyseed cake.",אֵין,אֵין,there isn't / aren't,0
L010.S04,"There isn't any cheesecake, but there's a good poppyseed cake.",אֵין,אֵיך,how?,1
L010.S04,"There isn't any cheesecake, but there's a good poppyseed cake.",עוּגַת,עוּגָה,cake,2
L010.S04,"There isn't any cheesecake, but there's a good poppyseed cake.",עוּגַת,אוּלַי,maybe,3
L010.S04,"There isn't any cheesecake, but there's a good poppyseed cake.",גבִינָה,גְבִינָה,cheese,1
L010.S04,"There isn't any cheesecake, but there's a good poppyseed cake.",גבִינָה,בִּירָה,"beer; capital city, palace",3
L010.S04,"There isn't any cheesecake, but there's a good poppyseed cake.",אֲבָל,אֲבָל,"but, however",0
L010.S04,"There isn't any cheesecake, but there's a good poppyseed cake.",אֲבָל,חֲבָל,pity,1
L010.S04,"There isn't any cheesecake, but there's a good poppyseed cake.",יֵשׁ,יֵשׁ,"there is/are/exist; existence, Being, entity",0
L010.S04,"There isn't any cheesecake, but there's a good poppyseed cake.",יֵשׁ,אֵשׁ,"fire, flame",1
L010.S04,"There isn't any cheesecake, but there's a good poppyseed cake.",עוּגַת,עוּגָה,cake,2
L010.S04,"There isn't any cheesecake, but there's a good poppyseed cake.",עוּגַת,אוּלַי,maybe,3
L010.S04,"There isn't any cheesecake, but there's a good poppyseed cake.",פֶּרֶג,פֶּרֶק,"chapter, part; segment, episode",1
L010.S04,"There isn't any cheesecake, but there's a good poppyseed cake.",פֶּרֶג,בֶּרֶז,"tap, faucet",2
L010.S04,"There isn't any cheesecake, but there's a good poppyseed cake.",טוֹבָה,טוֹבָה,"favor, kindness; good, pleasant, appropriate",0
L010.S04,"There isn't any cheesecake, but there's a good poppyseed cake.",טוֹבָה,חוֹמָה,wall (city / fortress),2
L010.S05,Or chocolate cake,אוֹ,אוֹ,"or, either",0
L010.S05,Or chocolate cake,אוֹ,אוֹר,light; lamp,1
L010.S05,Or chocolate cake,עוּגַת,עוּגָה,cake,2
L010.S05,Or chocolate cake,עוּגַת,אוּלַי,maybe,3
L010.S05,Or chocolate cake,שׁוֹקוֹלָד,שׁוֹקוֹלָד,chocolate,0
L010.S05,Or chocolate cake,שׁוֹקוֹלָד,שׁוֹקֵל,"weighs (m, s)",4
L010.T01,There is a good cheesecake.,יש,י,Yod,1
L010.T01,There is a good cheesecake.,יש,A,Alpha,2
L010.T01,There is a good cheesecake.,עוגת,עֵת,"time, epoch, period",2
L010.T01,There is a good cheesecake.,עוגת,עוֹד,"more; yet, still",2
L010.T01,There is a good cheesecake.,גבינה,גְבִינָה,cheese,3
L010.T01,There is a good cheesecake.,גבינה,הִינֵה,"here (is), behold",3
L010.T01,There is a good cheesecake.,טובה,טוֹב,"good, well, pleasant, appropriate",2
L010.T01,There is a good cheesecake.,טובה,טוֹבָה,"favor, kindness; good, pleasant, appropriate",2
L010.T02,There isn't any poppy cake.,אין,אֵין,there isn't / aren't,1
L010.T02,There isn't any poppy cake.,אין,א,Alef,2
L010.T02,There isn't any poppy cake.,עוגת,עֵת,"time, epoch, period",2
L010.T02,There isn't any poppy cake.,עוגת,עוֹד,"more; yet, still",2
L010.T02,There isn't any poppy cake.,פרג,ג,Gimel,2
L010.T02,There isn't any poppy cake.,פרג,חַג,"holiday, feast",2
L010.T03,Coffee and chocolate cake please,קפה,ה,He,2
L010.T03,Coffee and chocolate cake please,קפה,זֶה,this,2
L010.T03,Coffee and chocolate cake please,ועוגת,וְעוֹד,"plus, et cetera",3
L010.T03,Coffee and chocolate cake please,ועוגת,טָעוּת,mistake,3
L010.T03,Coffee and chocolate cake please,שוקולד,אוֹהֵד,"fan (sports), supporter",4
L010.T03,Coffee and chocolate cake please,שוקולד,דּוֹד,uncle; lover,4
L010.T03,Coffee and chocolate cake please,בבקשה,אִישׁ,"man, person; people (pl.)",4
L010.T03,Coffee and chocolate cake please,בבקשה,אֵשׁ,"fire, flame",4
L010.T04,What do you (f pl) want?,מה,ה,He,1
L010.T04,What do you (f pl) want?,מה,מ,Mem,1
L010.T04,What do you (f pl) want?,אתן,א,Alef,2
L010.T04,What do you (f pl) want?,אתן,אִי,island,2
L010.T04,What do you (f pl) want?,רוצות,רוֹצוֹת,"want (f, p)",2
L010.T04,What do you (f pl) want?,רוצות,חֲצוֹת,midnight,3
L010.T05,We are at a cafe.,אנחנו,אֶחָד,one,3
L010.T05,We are at a cafe.,אנחנו,אַחֵר,"[an]other, further, else; different, unusal",3
L010.T05,We are at a cafe.,בבית,בַּת,"daughter, girl",2
L010.T05,We are at a cafe.,בבית,אִי,island,3
L010.T05,We are at a cafe.,קפה,ה,He,2
L010.T05,We are at a cafe.,קפה,זֶה,this,2
L011.N11,Eleventh lesson,שִׁעוּר,שִׁיעוּר,"lesson, class; rate, measure",1
L011.N11,Eleventh lesson,שִׁעוּר,שָׁבוּר,"broken, fractured; depressed, despondent",2
L011.N11,Eleventh lesson,אַחַת,אַחַת,one,0
L011.N11,Eleventh lesson,אַחַת,אַחֵר,"[an]other, further, else; different, unusal",2
L011.N11,Eleventh lesson,עֶשׂרֵה,עֶזְרָה,"assistance, help",3
L011.N11,Eleventh lesson,עֶשׂרֵה,עֶשֶׂר,ten,3
L011.S01,Hello. What are you drinking?,שָׁלוֹם,שָׁלוֹם,"hello, goodbye; peace, rest, welfare",0
L011.S01,Hello. What are you drinking?,שָׁלוֹם,שָׁחוֹר,black,2
L011.S01,Hello. What are you drinking?,מַה,מַה,"what? how much, why, how",0
L011.S01,Hello. What are you drinking?,מַה,מַס,"tax, fee",1
L011.S01,Hello. What are you drinking?,אַתֶם,אַתֶם,"you, ""you guys"" (pl.)",0
L011.S01,Hello. What are you drinking?,אַתֶם,אַתֶן,you (pl.),1
L011.S01,Hello. What are you drinking?,שׁוֹתִים,שׁוֹתִים,"drink (m, p)",0
L011.S01,Hello. What are you drinking?,שׁוֹתִים,רוֹאִים,"see (m, p)",3
L011.S02,What is there?,מַה,מַה,"what? how much, why, how",0
L011.S02,What is there?,מַה,מַס,"tax, fee",1
L011.S02,What is there?,יֵשׁ,יֵשׁ,"there is/are/exist; existence, Being, entity",0
L011.S02,What is there?,יֵשׁ,אֵשׁ,"fire, flame",1
L011.S03,"There's filter coffee, unfiltered coffee, Turkish coffee, milky coffee, and instant coffee.",יֵשׁ,יֵשׁ,"there is/are/exist; existence, Being, entity",0
L011.S03,"There's filter coffee, unfiltered coffee, Turkish coffee, milky coffee, and instant coffee.",יֵשׁ,אֵשׁ,"fire, flame",1
L011.S03,"There's filter coffee, unfiltered coffee, Turkish coffee, milky coffee, and instant coffee.",קָפֶה,קָפֶה,coffee,0
L011.S03,"There's filter coffee, unfiltered coffee, Turkish coffee, milky coffee, and instant coffee.",קָפֶה,יָפֶה,"beautiful, pleasant, pretty; nice, fine, well",1
L011.S03,"There's filter coffee, unfiltered coffee, Turkish coffee, milky coffee, and instant coffee.",פִילטֶר,לִיטֶר,liter,2
L011.S03,"There's filter coffee, unfiltered coffee, Turkish coffee, milky coffee, and instant coffee.",פִילטֶר,אִיּוּר,illustration,4
L011.S03,"There's filter coffee, unfiltered coffee, Turkish coffee, milky coffee, and instant coffee.",קָפֶה,קָפֶה,coffee,0
L011.S03,"There's filter coffee, unfiltered coffee, Turkish coffee, milky coffee, and instant coffee.",קָפֶה,יָפֶה,"beautiful, pleasant, pretty; nice, fine, well",1
L011.S03,"There's filter coffee, unfiltered coffee, Turkish coffee, milky coffee, and instant coffee.",בּוֹץ,בּוֹס,boss,1
L011.S03,"There's filter coffee, unfiltered coffee, Turkish coffee, milky coffee, and instant coffee.",בּוֹץ,בּוּל,"stamp, postage",2
L011.S03,"There's filter coffee, unfiltered coffee, Turkish coffee, milky coffee, and instant coffee.",קָפֶה,קָפֶה,coffee,0
L011.S03,"There's filter coffee, unfiltered coffee, Turkish coffee, milky coffee, and instant coffee.",קָפֶה,יָפֶה,"beautiful, pleasant, pretty; nice, fine, well",1
L011.S03,"There's filter coffee, unfiltered coffee, Turkish coffee, milky coffee, and instant coffee.",טוּרקִי,טוּרְקִי,Turkish,1
L011.S03,"There's filter coffee, unfiltered coffee, Turkish coffee, milky coffee, and instant coffee.",טוּרקִי,חוּקִּי,"legal, lawful",3
L011.S03,"There's filter coffee, unfiltered coffee, Turkish coffee, milky coffee, and instant coffee.",קָפֶה,קָפֶה,coffee,0
L011.S03,"There's filter coffee, unfiltered coffee, Turkish coffee, milky coffee, and instant coffee.",קָפֶה,יָפֶה,"beautiful, pleasant, pretty; nice, fine, well",1
L011.S03,"There's filter coffee, unfiltered coffee, Turkish coffee, milky coffee, and instant coffee.",הָפוּך,הָפוּךְ,"reversed, backward; upside down, inverted, opposite; in disarray",1
L011.S03,"There's filter coffee, unfiltered coffee, Turkish coffee, milky coffee, and instant coffee.",הָפוּך,צָפוּי,"expected, anticipated, supposed (pass.)",2
L011.S03,"There's filter coffee, unfiltered coffee, Turkish coffee, milky coffee, and instant coffee.",וְנֵס,נֵס,"miracle, wonder",2
L011.S03,"There's filter coffee, unfiltered coffee, Turkish coffee, milky coffee, and instant coffee.",וְנֵס,זְאֵב,wolf,3
L011.S03,"There's filter coffee, unfiltered coffee, Turkish coffee, milky coffee, and instant coffee.",קָפֶה,קָפֶה,coffee,0
L011.S03,"There's filter coffee, unfiltered coffee, Turkish coffee, milky coffee, and instant coffee.",קָפֶה,יָפֶה,"beautiful, pleasant, pretty; nice, fine, well",1
L011.S04,With sugar or sweetener?,סוּכָּר,סוּכָּר,sugar,2
L011.S04,With sugar or sweetener?,סוּכָּר,מוּזָר,"strange, weird",3
L011.S04,With sugar or sweetener?,אוֹ,אוֹ,"or, either",0
L011.S04,With sugar or sweetener?,אוֹ,אוֹר,light; lamp,1
L011.S04,With sugar or sweetener?,סוּכּרָזִית,אוּכְמָנִית,blueberry,4
L011.S04,With sugar or sweetener?,סוּכּרָזִית,בְּרָזִיל,Brazil,5
L011.S05,And you (f pl)?,וְאַתֶן,אַתֶן,you (pl.),2
L011.S05,And you (f pl)?,וְאַתֶן,אַתֶם,"you, ""you guys"" (pl.)",3
L011.S06,We're drinking orange juice.,אֲנַחנוּ,אֲנַחְנוּ,we,1
L011.S06,We're drinking orange juice.,אֲנַחנוּ,אֲפִילוּ,even,4
L011.S06,We're drinking orange juice.,שׁוֹתוֹת,שׁוֹתוֹת,"drink (f, p)",0
L011.S06,We're drinking orange juice.,שׁוֹתוֹת,רוֹאוֹת,"see (f, p)",3
L011.S06,We're drinking orange juice.,מִיץ,מִיץ,juice,0
L011.S06,We're drinking orange juice.,מִיץ,מִי,who?,1
L011.S06,We're drinking orange juice.,תַפּוּזִים,מַפּוּחִית,harmonica,3
L011.S06,We're drinking orange juice.,תַפּוּזִים,פּוּרִים,Purim,3
L011.T01,You (m pl) are drinking mud coffee?,אתם,אִם,"if, whether; in case, if",1
L011.T01,You (m pl) are drinking mud coffee?,אתם,אֵם,"mother, matriarch",1
L011.T01,You (m pl) are drinking mud coffee?,שותים,אַתֶם,"you, ""you guys"" (pl.)",3
L011.T01,You (m pl) are drinking mud coffee?,שותים,חוֹם,"heat, warmth; fever, (ill) temperature",3
L011.T01,You (m pl) are drinking mud coffee?,קפה,ה,He,2
L011.T01,You (m pl) are drinking mud coffee?,קפה,זֶה,this,2
L011.T01,You (m pl) are drinking mud coffee?,בוץ,אוֹ,"or, either",2
L011.T01,You (m pl) are drinking mud coffee?,בוץ,ו,Vav,2
L011.T02,What is there in the cafeteria?,מה,ה,He,1
L011.T02,What is there in the cafeteria?,מה,מ,Mem,1
L011.T02,What is there in the cafeteria?,יש,י,Yod,1
L011.T02,What is there in the cafeteria?,יש,A,Alpha,2
L011.T02,What is there in the cafeteria?,בקפטריה,בִּירָה,"beer; capital city, palace",4
L011.T02,What is there in the cafeteria?,בקפטריה,אִיטִית,slow,5
L011.T03,We are drinking orange juice.,אנחנו,אֶחָד,one,3
L011.T03,We are drinking orange juice.,אנחנו,אַחֵר,"[an]other, further, else; different, unusal",3
L011.T03,We are drinking orange juice.,שותים,אַתֶם,"you, ""you guys"" (pl.)",3
L011.T03,We are drinking orange juice.,שותים,חוֹם,"heat, warmth; fever, (ill) temperature",3
L011.T03,We are drinking orange juice.,מיץ,מִיץ,juice,1
L011.T03,We are drinking orange juice.,מיץ,חֵץ,"arrow, dart",2
L011.T03,We are drinking orange juice.,תפוזים,חָמִים,"luke-, a bit warm; pleasant, cozy",4
L011.T03,We are drinking orange juice.,תפוזים,חוֹם,"heat, warmth; fever, (ill) temperature",4
L011.T04,You (f pl) are drinking instant coffee.,אתן,א,Alef,2
L011.T04,You (f pl) are drinking instant coffee.,אתן,אִי,island,2
L011.T04,You (f pl) are drinking instant coffee.,שותות,לָתֵת,"to give, allow",3
L011.T04,You (f pl) are drinking instant coffee.,שותות,שׁוֹתוֹת,"drink (f, p)",3
L011.T04,You (f pl) are drinking instant coffee.,נס,נ,Nun,1
L011.T04,You (f pl) are drinking instant coffee.,נס,נֵס,"miracle, wonder",1
L011.T04,You (f pl) are drinking instant coffee.,קפה,ה,He,2
L011.T04,You (f pl) are drinking instant coffee.,קפה,זֶה,this,2
L011.T05,Is there milky coffee?,יש,י,Yod,1
L011.T05,Is there milky coffee?,יש,A,Alpha,2
L011.T05,Is there milky coffee?,קפה,ה,He,2
L011.T05,Is there milky coffee?,קפה,זֶה,this,2
L011.T05,Is there milky coffee?,הפוך,אֵיך,how?,3
L011.T05,Is there milky coffee?,הפוך,אוֹ,"or, either",3
L012.N12,Twelfth lesson,שִׁעוּר,שִׁיעוּר,"lesson, class; rate, measure",1
L012.N12,Twelfth lesson,שִׁעוּר,שָׁבוּר,"broken, fractured; depressed, despondent",2
L012.N12,Twelfth lesson,שׁתֵים,שֵׁם,(first) name,3
L012.N12,Twelfth lesson,שׁתֵים,שָׁלֵם,"complete, entire, whole",3
L012.N12,Twelfth lesson,עֶשׂרֵה,עֶזְרָה,"assistance, help",3
L012.N12,Twelfth lesson,עֶשׂרֵה,עֶשֶׂר,ten,3
L012.S00,Shopping,קנִיוֹת,קַנְיוֹן,shopping mall; canyon,3
L012.S00,Shopping,קנִיוֹת,אָחוֹת,sister; nurse,4
L012.S01,Oof! I am tired.,אוּף,אוֹ,"or, either",2
L012.S01,Oof! I am tired.,אוּף,אוֹר,light; lamp,2
L012.S01,Oof! I am tired.,אֲנִי,אֲנִי,"I, ego",0
L012.S01,Oof! I am tired.,אֲנִי,אִי,island,2
L012.S01,Oof! I am tired.,עָיֵף,עָיֵיף,tired,1
L012.S01,Oof! I am tired.,עָיֵף,עָנָף,branch,2
L012.S02,Why?,לָמָה,לָמָה,why?,0
L012.S02,Why?,לָמָה,רָמָה,"level, standard; hilly region, highlands; barometric high",1
L012.S03,The mall is tiring.,הַקַניוֹן,קַנְיוֹן,shopping mall; canyon,3
L012.S03,The mall is tiring.,הַקַניוֹן,הֵירָיוֹן,pregnancy,4
L012.S03,The mall is tiring.,מְעַיֵף,מְאַחֵל,"wishes (m, s)",3
L012.S03,The mall is tiring.,מְעַיֵף,מְאַחֵר,"is running late (m, s)",3
L012.S04,What are you (m s) buying?,מַה,מַה,"what? how much, why, how",0
L012.S04,What are you (m s) buying?,מַה,מַס,"tax, fee",1
L012.S04,What are you (m s) buying?,אַתָה,אַתָה,you,0
L012.S04,What are you (m s) buying?,אַתָה,אֲתָר,site,2
L012.S04,What are you (m s) buying?,קוֹנֶה,עוֹנֶה,"answers (m, s)",1
L012.S04,What are you (m s) buying?,קוֹנֶה,קוֹנֶה²,buyer,1
L012.S05,"I'm not buying, but my wife is buying, and she isn't tired!",אֲנִי,אֲנִי,"I, ego",0
L012.S05,"I'm not buying, but my wife is buying, and she isn't tired!",אֲנִי,אִי,island,2
L012.S05,"I'm not buying, but my wife is buying, and she isn't tired!",לֹא,לֹא,"no, not",0
L012.S05,"I'm not buying, but my wife is buying, and she isn't tired!",לֹא,א,Alef,2
L012.S05,"I'm not buying, but my wife is buying, and she isn't tired!",קוֹנֶה,עוֹנֶה,"answers (m, s)",1
L012.S05,"I'm not buying, but my wife is buying, and she isn't tired!",קוֹנֶה,קוֹנֶה²,buyer,1
L012.S05,"I'm not buying, but my wife is buying, and she isn't tired!",אֲבָל,אֲבָל,"but, however",0
L012.S05,"I'm not buying, but my wife is buying, and she isn't tired!",אֲבָל,חֲבָל,pity,1
L012.S05,"I'm not buying, but my wife is buying, and she isn't tired!",אִשׁתִי,אִיתִּי,with me,3
L012.S05,"I'm not buying, but my wife is buying, and she isn't tired!",אִשׁתִי,רִשְׁמִי,official,3
L012.S05,"I'm not buying, but my wife is buying, and she isn't tired!",קוֹנָה,יוֹנָה,"pigeon, dove",1
L012.S05,"I'm not buying, but my wife is buying, and she isn't tired!",קוֹנָה,עוֹנָה,season,1
L012.S05,"I'm not buying, but my wife is buying, and she isn't tired!",וְהִיא,הִיא,she,2
L012.S05,"I'm not buying, but my wife is buying, and she isn't tired!",וְהִיא,זָהִיר,"careful, cautious",3
L012.S05,"I'm not buying, but my wife is buying, and she isn't tired!",לֹא,לֹא,"no, not",0
L012.S05,"I'm not buying, but my wife is buying, and she isn't tired!",לֹא,א,Alef,2
L012.S05,"I'm not buying, but my wife is buying, and she isn't tired!",עֲיֵפָה,הֲצָפָה,flooding,3
L012.S05,"I'm not buying, but my wife is buying, and she isn't tired!",עֲיֵפָה,חֵיפָה,Haifa,3
L012.T01,I am tired.,אני,אִי,island,1
L012.T01,I am tired.,אני,א,Alef,2
L012.T01,I am tired.,עיף,י,Yod,2
L012.T01,I am tired.,עיף,ע,Ayin,2
L012.T02,She is not tired.,היא,הִיא,she,1
L012.T02,She is not tired.,היא,א,Alef,2
L012.T02,She is not tired.,לֹא,לֹא,"no, not",0
L012.T02,She is not tired.,לֹא,א,Alef,2
L012.T02,She is not tired.,עיפה,אֵיפֹה,"where, at what place?",3
L012.T02,She is not tired.,עיפה,ה,He,3
L012.T03,"He buys, but she does not buy.",הוא,הוּא,he,1
L012.T03,"He buys, but she does not buy.",הוא,א,Alef,2
L012.T03,"He buys, but she does not buy.",קונה,קָנָה,"bought (3rd, m, s)",2
L012.T03,"He buys, but she does not buy.",קונה,קוֹל,voice; sound,2
L012.T03,"He buys, but she does not buy.",אבל,אֵל,"god, supreme diety",1
L012.T03,"He buys, but she does not buy.",אבל,אֶל,"at, to [-wards]; for",1
L012.T03,"He buys, but she does not buy.",היא,הִיא,she,1
L012.T03,"He buys, but she does not buy.",היא,א,Alef,2
L012.T03,"He buys, but she does not buy.",לֹא,לֹא,"no, not",0
L012.T03,"He buys, but she does not buy.",לֹא,א,Alef,2
L012.T03,"He buys, but she does not buy.",קונה,קָנָה,"bought (3rd, m, s)",2
L012.T03,"He buys, but she does not buy.",קונה,קוֹל,voice; sound,2
L012.T04,Why is the mall tiring?,למה,ה,He,2
L012.T04,Why is the mall tiring?,למה,זֶה,this,2
L012.T04,Why is the mall tiring?,הקניון,אֵין,there isn't / aren't,4
L012.T04,Why is the mall tiring?,הקניון,בֵּין,"between, among, amid",4
L012.T04,Why is the mall tiring?,מעיף,מִי,who?,2
L012.T04,Why is the mall tiring?,מעיף,מִין,"type, kind; sex; gender (grammar); species (biology)",2
L012.T05,What are you (f s) buying?,מה,ה,He,1
L012.T05,What are you (f s) buying?,מה,מ,Mem,1
L012.T05,What are you (f s) buying?,את,א,Alef,1
L012.T05,What are you (f s) buying?,את,אֶת,[Direct Object Marker],1
L012.T05,What are you (f s) buying?,קונה,קָנָה,"bought (3rd, m, s)",2
L012.T05,What are you (f s) buying?,קונה,קוֹל,voice; sound,2
L013.N13,Thirteenth lesson,שִׁעוּר,שִׁיעוּר,"lesson, class; rate, measure",1
L013.N13,Thirteenth lesson,שִׁעוּר,שָׁבוּר,"broken, fractured; depressed, despondent",2
L013.N13,Thirteenth lesson,שׁלוֹשׁ,שָׁלוֹשׁ,three,1
L013.N13,Thirteenth lesson,שׁלוֹשׁ,קָדוֹשׁ,"holy, saint",3
L013.N13,Thirteenth lesson,עֶשׂרֵה,עֶזְרָה,"assistance, help",3
L013.N13,Thirteenth lesson,עֶשׂרֵה,עֶשֶׂר,ten,3
L013.S00,Chit-chat (two ways to say),פִּטפּוּט,אִיפּוּר,"makeup, cosmetics",4
L013.S00,Chit-chat (two ways to say),פִּטפּוּט,בִּיגּוּד,clothing,4
L013.S00,Chit-chat (two ways to say),פִּטפּוּטִים,פּוּרִים,Purim,5
L013.S01,Where are Dan and Joseph?,אֵיפֹה,אֵיפֹה,"where, at what place?",0
L013.S01,Where are Dan and Joseph?,אֵיפֹה,אֵיזֶה,Which? ‎What?,2
L013.S01,Where are Dan and Joseph?,דָן,אָח,"brother, fellow; male nurse",2
L013.S01,Where are Dan and Joseph?,דָן,ד,Dalet,2
L013.S01,Where are Dan and Joseph?,וְיוֹסֵף,מְתוֹפֵף,drummer,3
L013.S01,Where are Dan and Joseph?,וְיוֹסֵף,קְיוֹסְק,kiosk,3
L013.S02,They (m) are talking on a cordless (wireless) phone.,הֵם,הֵם,they,0
L013.S02,They (m) are talking on a cordless (wireless) phone.,הֵם,אֵם,"mother, matriarch",1
L013.S02,They (m) are talking on a cordless (wireless) phone.,מְדַבּרִים,לְהַחֲרִים,to boycott; to confiscate,4
L013.S02,They (m) are talking on a cordless (wireless) phone.,מְדַבּרִים,בְּרִית,"covenant, alliance",5
L013.S02,They (m) are talking on a cordless (wireless) phone.,בְּטֶלֶפוֹן,טֶלֶפוֹן,telephone,3
L013.S02,They (m) are talking on a cordless (wireless) phone.,בְּטֶלֶפוֹן,פָּטֶפוֹן,"gramophone, record player",4
L013.S02,They (m) are talking on a cordless (wireless) phone.,אַלחוּטִי,אַלְחוּטִי,"wireless, cordless",1
L013.S02,They (m) are talking on a cordless (wireless) phone.,אַלחוּטִי,אַלּוּף,champion; general (military),4
L013.S03,Where are Leah and Sarah?,אֵיפֹה,אֵיפֹה,"where, at what place?",0
L013.S03,Where are Leah and Sarah?,אֵיפֹה,אֵיזֶה,Which? ‎What?,2
L013.S03,Where are Leah and Sarah?,לֵאָה,מֵאָה,"one hundred, century",1
L013.S03,Where are Leah and Sarah?,לֵאָה,לְאָן,"where to, to what place?",2
L013.S03,Where are Leah and Sarah?,וְשָׂרָה,מְעָרָה,cave[rn],3
L013.S03,Where are Leah and Sarah?,וְשָׂרָה,נְשָׁמָה,soul; essence (flowery),3
L013.S04,They (f pl) are speaking on a mobile phone.,הֵן,הֵן,they,0
L013.S04,They (f pl) are speaking on a mobile phone.,הֵן,הֵד,"echo, reverberation; response, reply, feedback",1
L013.S04,They (f pl) are speaking on a mobile phone.,מְדַבּרוֹת,לְכַבּוֹת,"to turn off (light, machine); to extinguish",3
L013.S04,They (f pl) are speaking on a mobile phone.,מְדַבּרוֹת,לְבַלּוֹת,"to have a good time, enjoy life; to spend time",4
L013.S04,They (f pl) are speaking on a mobile phone.,בְּטֶלֶפוֹן,טֶלֶפוֹן,telephone,3
L013.S04,They (f pl) are speaking on a mobile phone.,בְּטֶלֶפוֹן,פָּטֶפוֹן,"gramophone, record player",4
L013.S04,They (f pl) are speaking on a mobile phone.,נַיָד,יָד,"arm, hand[le]",2
L013.S04,They (f pl) are speaking on a mobile phone.,נַיָד,צַיִד,hunt[ing]; game,2
L013.S05,"I want a telephone, too!",גַם,גַּם,"also, too, further, additionally; even (though, if), despite that",1
L013.S05,"I want a telephone, too!",גַם,חַם,hot,1
L013.S05,"I want a telephone, too!",אֲנִי,אֲנִי,"I, ego",0
L013.S05,"I want a telephone, too!",אֲנִי,אִי,island,2
L013.S05,"I want a telephone, too!",רוֹצָה,רוֹצָה,"wants (f, s)",0
L013.S05,"I want a telephone, too!",רוֹצָה,רוֹאָה,"sees (f, s)",1
L013.S05,"I want a telephone, too!",טֶלֶפוֹן,טֶלֶפוֹן,telephone,0
L013.S05,"I want a telephone, too!",טֶלֶפוֹן,טֵלֵפוֹן,[tele]phone,2
L013.S06,No problem.  There is a hands-free set in the car.,אֵין,אֵין,there isn't / aren't,0
L013.S06,No problem.  There is a hands-free set in the car.,אֵין,אֵיך,how?,1
L013.S06,No problem.  There is a hands-free set in the car.,בְּעָיָה,בְּעָיָה,problem,0
L013.S06,No problem.  There is a hands-free set in the car.,בְּעָיָה,בְּעִיטָה,"kick; spurning, rejection",2
L013.S06,No problem.  There is a hands-free set in the car.,יֵשׁ,יֵשׁ,"there is/are/exist; existence, Being, entity",0
L013.S06,No problem.  There is a hands-free set in the car.,יֵשׁ,אֵשׁ,"fire, flame",1
L013.S06,No problem.  There is a hands-free set in the car.,דִבּוּרִית,צִיבּוּרִי,public,3
L013.S06,No problem.  There is a hands-free set in the car.,דִבּוּרִית,בְּרִית,"covenant, alliance",4
L013.S06,No problem.  There is a hands-free set in the car.,בַּמְכוֹנִית,מְכוֹנִית,car,3
L013.S06,No problem.  There is a hands-free set in the car.,בַּמְכוֹנִית,מְקוֹרִית,original,5
L013.T01,They are talking on a cordless telephone.,הם,ה,He,1
L013.T01,They are talking on a cordless telephone.,הם,הֵם,they,1
L013.T01,They are talking on a cordless telephone.,מדברים,מֵבִיא,"brings (m, s)",3
L013.T01,They are talking on a cordless telephone.,מדברים,מֵבִין,"understands (m, s)",3
L013.T01,They are talking on a cordless telephone.,בטלפון,בֵּטֶן,"stomach, abdomen, belly",4
L013.T01,They are talking on a cordless telephone.,בטלפון,בֵּין,"between, among, amid",4
L013.T01,They are talking on a cordless telephone.,אלחוטי,אָחוֹת,sister; nurse,3
L013.T01,They are talking on a cordless telephone.,אלחוטי,אָחוּז,percent[age],3
L013.T02,I want a hands-free set [phone?] in the car.,אני,אִי,island,1
L013.T02,I want a hands-free set [phone?] in the car.,אני,א,Alef,2
L013.T02,I want a hands-free set [phone?] in the car.,רוצה,רָצָה,"wanted (3rd, m, s)",2
L013.T02,I want a hands-free set [phone?] in the car.,רוצה,רוֹב,"majority, most [of]",2
L013.T02,I want a hands-free set [phone?] in the car.,דבורית,אִירִית,Irish / Gaelic (lang.),4
L013.T02,I want a hands-free set [phone?] in the car.,דבורית,בְּרִית,"covenant, alliance",4
L013.T02,I want a hands-free set [phone?] in the car.,במכונית,בְּרִית,"covenant, alliance",4
L013.T02,I want a hands-free set [phone?] in the car.,במכונית,זְכוּת,"right (legal), prerogative, privilege",4
L013.T03,No problem.,אין,אֵין,there isn't / aren't,1
L013.T03,No problem.,אין,א,Alef,2
L013.T03,No problem.,בעיה,אִי,island,3
L013.T03,No problem.,בעיה,אֵיך,how?,3
L013.T04,They [f pl] are talking on a mobile telephone.,הן,ה,He,1
L013.T04,They [f pl] are talking on a mobile telephone.,הן,הֵן,they,1
L013.T04,They [f pl] are talking on a mobile telephone.,מדברות,אֵירוֹ,Euro,4
L013.T04,They [f pl] are talking on a mobile telephone.,מדברות,בַּת,"daughter, girl",4
L013.T04,They [f pl] are talking on a mobile telephone.,בטלפון,בֵּטֶן,"stomach, abdomen, belly",4
L013.T04,They [f pl] are talking on a mobile telephone.,בטלפון,בֵּין,"between, among, amid",4
L013.T04,They [f pl] are talking on a mobile telephone.,ניד,ד,Dalet,2
L013.T04,They [f pl] are talking on a mobile telephone.,ניד,הֵד,"echo, reverberation; response, reply, feedback",2
L013.T05,Where is there a telephone?,איפה,אֵיפֹה,"where, at what place?",2
L013.T05,Where is there a telephone?,איפה,א,Alef,3
L013.T05,Where is there a telephone?,יש,י,Yod,1
L013.T05,Where is there a telephone?,יש,A,Alpha,2
L013.T05,Where is there a telephone?,טלפון,טֵלֵפוֹן,[tele]phone,3
L013.T05,Where is there a telephone?,טלפון,טֶלֶפוֹן,telephone,3
L014.N14,Forteenth lesson,שִׁעוּר,שִׁיעוּר,"lesson, class; rate, measure",1
L014.N14,Forteenth lesson,שִׁעוּר,שָׁבוּר,"broken, fractured; depressed, despondent",2
L014.N14,Forteenth lesson,אַרבָּע,אַרְבַּע,four,3
L014.N14,Forteenth lesson,אַרבָּע,אַרְנָב,"rabbit, bunny, hare",3
L014.N14,Forteenth lesson,עֶשׂרֵה,עֶזְרָה,"assistance, help",3
L014.N14,Forteenth lesson,עֶשׂרֵה,עֶשֶׂר,ten,3
L014.S03,Are you (m s) also in the mall?,גַם,גַּם,"also, too, further, additionally; even (though, if), despite that",1
L014.S03,Are you (m s) also in the mall?,גַם,חַם,hot,1
L014.S03,Are you (m s) also in the mall?,אַתָה,אַתָה,you,0
L014.S03,Are you (m s) also in the mall?,אַתָה,אֲתָר,site,2
L014.S03,Are you (m s) also in the mall?,בַּקַניוֹן,בְּקַלּוֹת,easily,4
L014.S03,Are you (m s) also in the mall?,בַּקַניוֹן,קַנְיוֹן,shopping mall; canyon,4
L014.S04,I am buying a computer for my son and daughter.,אֲנִי,אֲנִי,"I, ego",0
L014.S04,I am buying a computer for my son and daughter.,אֲנִי,אִי,island,2
L014.S04,I am buying a computer for my son and daughter.,קוֹנֶה,עוֹנֶה,"answers (m, s)",1
L014.S04,I am buying a computer for my son and daughter.,קוֹנֶה,קוֹנֶה²,buyer,1
L014.S04,I am buying a computer for my son and daughter.,מַחשֵׁב,מַחְשֵׁב,computer,1
L014.S04,I am buying a computer for my son and daughter.,מַחשֵׁב,חוֹשֵׁב,"thinks (m, s)",3
L014.S04,I am buying a computer for my son and daughter.,לַבֵּן,גַּן,"garden, park",3
L014.S04,I am buying a computer for my son and daughter.,לַבֵּן,לָבָן,white,3
L014.S04,I am buying a computer for my son and daughter.,וְלַבַּת,בַּת,"daughter, girl",4
L014.S04,I am buying a computer for my son and daughter.,וְלַבַּת,יְדַבֵּר,"will speak/talk (3rd, m, s)",4
L014.S05,I am buying (f) a mobile phone.,אֲנִי,אֲנִי,"I, ego",0
L014.S05,I am buying (f) a mobile phone.,אֲנִי,אִי,island,2
L014.S05,I am buying (f) a mobile phone.,קוֹנָה,יוֹנָה,"pigeon, dove",1
L014.S05,I am buying (f) a mobile phone.,קוֹנָה,עוֹנָה,season,1
L014.S05,I am buying (f) a mobile phone.,טֶלֶפוֹן,טֶלֶפוֹן,telephone,0
L014.S05,I am buying (f) a mobile phone.,טֶלֶפוֹן,טֵלֵפוֹן,[tele]phone,2
L014.S05,I am buying (f) a mobile phone.,נַיָד,יָד,"arm, hand[le]",2
L014.S05,I am buying (f) a mobile phone.,נַיָד,צַיִד,hunt[ing]; game,2
L014.S06,"Boris, do you speak Hebrew?",בּוֹרִיס,בּוֹנוּס,bonus,3
L014.S06,"Boris, do you speak Hebrew?",בּוֹרִיס,בּוֹס,boss,3
L014.S06,"Boris, do you speak Hebrew?",אַתָה,אַתָה,you,0
L014.S06,"Boris, do you speak Hebrew?",אַתָה,אֲתָר,site,2
L014.S06,"Boris, do you speak Hebrew?",מְדַבֵּר,יְדַבֵּר,"will speak/talk (3rd, m, s)",1
L014.S06,"Boris, do you speak Hebrew?",מְדַבֵּר,לְדַבֵּר,"to speak, talk",1
L014.S06,"Boris, do you speak Hebrew?",עִברִית,עִבְרִית,Hebrew,1
L014.S06,"Boris, do you speak Hebrew?",עִברִית,אִירִית,Irish / Gaelic (lang.),2
L014.S07,Ulpan Hebrew,עִברִית,עִבְרִית,Hebrew,1
L014.S07,Ulpan Hebrew,עִברִית,אִירִית,Irish / Gaelic (lang.),2
L014.S07,Ulpan Hebrew,שֶׁל,שֶׁל,"of, belonging to, owned by",0
L014.S07,Ulpan Hebrew,שֶׁל,שֶׁף,"chef, chief cook",1
L014.S07,Ulpan Hebrew,אוּלפָּן,אוּלְפָּן,studio,3
L014.S07,Ulpan Hebrew,אוּלפָּן,אוּלָם,hall,3
L014.S08,"But you, Rinah, speak Shabbat Hebrew.",אֲבָל,אֲבָל,"but, however",0
L014.S08,"But you, Rinah, speak Shabbat Hebrew.",אֲבָל,חֲבָל,pity,1
L014.S08,"But you, Rinah, speak Shabbat Hebrew.",אַת,אַת,you,0
L014.S08,"But you, Rinah, speak Shabbat Hebrew.",אַת,אֶת,[Direct Object Marker],1
L014.S08,"But you, Rinah, speak Shabbat Hebrew.",רִנָה,קָנָה,"bought (3rd, m, s)",2
L014.S08,"But you, Rinah, speak Shabbat Hebrew.",רִנָה,רִיצָה,"running, race, jogging",2
L014.S08,"But you, Rinah, speak Shabbat Hebrew.",מְדַבֶּרֶת,מְחַנֶּכֶת,educator,3
L014.S08,"But you, Rinah, speak Shabbat Hebrew.",מְדַבֶּרֶת,מְפַקֶּדֶת,commander,3
L014.S08,"But you, Rinah, speak Shabbat Hebrew.",עִברִית,עִבְרִית,Hebrew,1
L014.S08,"But you, Rinah, speak Shabbat Hebrew.",עִברִית,אִירִית,Irish / Gaelic (lang.),2
L014.S08,"But you, Rinah, speak Shabbat Hebrew.",שֶׁל,שֶׁל,"of, belonging to, owned by",0
L014.S08,"But you, Rinah, speak Shabbat Hebrew.",שֶׁל,שֶׁף,"chef, chief cook",1
L014.S08,"But you, Rinah, speak Shabbat Hebrew.",שַׁבָּת,שַׁבָּת,"Sabbath, day of rest; Saturday",2
L014.S08,"But you, Rinah, speak Shabbat Hebrew.",שַׁבָּת,בַּת,"daughter, girl",4
L014.S09,I (f) am tired. Do you (m s) want coffee and cake?,אֲנִי,אֲנִי,"I, ego",0
L014.S09,I (f) am tired. Do you (m s) want coffee and cake?,אֲנִי,אִי,island,2
L014.S09,I (f) am tired. Do you (m s) want coffee and cake?,עֲיֵפָה,הֲצָפָה,flooding,3
L014.S09,I (f) am tired. Do you (m s) want coffee and cake?,עֲיֵפָה,חֵיפָה,Haifa,3
L014.S09,I (f) am tired. Do you (m s) want coffee and cake?,אַתָה,אַתָה,you,0
L014.S09,I (f) am tired. Do you (m s) want coffee and cake?,אַתָה,אֲתָר,site,2
L014.S09,I (f) am tired. Do you (m s) want coffee and cake?,רוֹצֶה,רוֹצֶה,"wants (m, s)",0
L014.S09,I (f) am tired. Do you (m s) want coffee and cake?,רוֹצֶה,רוֹאֶה,"sees (m, s)",1
L014.S09,I (f) am tired. Do you (m s) want coffee and cake?,קָפֶה,קָפֶה,coffee,0
L014.S09,I (f) am tired. Do you (m s) want coffee and cake?,קָפֶה,יָפֶה,"beautiful, pleasant, pretty; nice, fine, well",1
L014.S09,I (f) am tired. Do you (m s) want coffee and cake?,וְעוּגָה,סְעוּדָה,"feast, meal, banquet",2
L014.S09,I (f) am tired. Do you (m s) want coffee and cake?,וְעוּגָה,עוּגָה,cake,2
L014.S10,No problem. There is a cafe in the mall.,אֵין,אֵין,there isn't / aren't,0
L014.S10,No problem. There is a cafe in the mall.,אֵין,אֵיך,how?,1
L014.S10,No problem. There is a cafe in the mall.,בְּעָיָה,בְּעָיָה,problem,0
L014.S10,No problem. There is a cafe in the mall.,בְּעָיָה,בְּעִיטָה,"kick; spurning, rejection",2
L014.S10,No problem. There is a cafe in the mall.,יֵשׁ,יֵשׁ,"there is/are/exist; existence, Being, entity",0
L014.S10,No problem. There is a cafe in the mall.,יֵשׁ,אֵשׁ,"fire, flame",1
L014.S10,No problem. There is a cafe in the mall.,בֵּית,בֵּין,"between, among, amid",1
L014.S10,No problem. There is a cafe in the mall.,בֵּית,בֵּן,"son, boy",2
L014.S10,No problem. There is a cafe in the mall.,קָפֶה,קָפֶה,coffee,0
L014.S10,No problem. There is a cafe in the mall.,קָפֶה,יָפֶה,"beautiful, pleasant, pretty; nice, fine, well",1
L014.S10,No problem. There is a cafe in the mall.,בַּקַניוֹן,בְּקַלּוֹת,easily,4
L014.S10,No problem. There is a cafe in the mall.,בַּקַניוֹן,קַנְיוֹן,shopping mall; canyon,4
L015.N15,Fifteenth lesson,שִׁעוּר,שִׁיעוּר,"lesson, class; rate, measure",1
L015.N15,Fifteenth lesson,שִׁעוּר,שָׁבוּר,"broken, fractured; depressed, despondent",2
L015.N15,Fifteenth lesson,חֲמֵשׁ,חָמֵשׁ,five,1
L015.N15,Fifteenth lesson,חֲמֵשׁ,אֵשׁ,"fire, flame",3
L015.N15,Fifteenth lesson,עֶשׂרֵה,עֶזְרָה,"assistance, help",3
L015.N15,Fifteenth lesson,עֶשׂרֵה,עֶשֶׂר,ten,3
L015.S00,At the sea,בַּיָם,בַּיִת,"house, home; stanza (music)",2
L015.S00,At the sea,בַּיָם,בַּלָּם,"defender, back (sports)",2
L015.S01,Where are you coming from?,מֵאַיִן,מֵאַיִן,where from? from what place?,0
L015.S01,Where are you coming from?,מֵאַיִן,יַיִן,wine,3
L015.S01,Where are you coming from?,אַתָה,אַתָה,you,0
L015.S01,Where are you coming from?,אַתָה,אֲתָר,site,2
L015.S01,Where are you coming from?,בָּא,בָּא,"come(s), [came] (m, s, [3rd])",2
L015.S01,Where are you coming from?,בָּא,בּ ב,Bet & Vet,2
L015.S02,I (m) am coming from the beach.,אֲנִי,אֲנִי,"I, ego",0
L015.S02,I (m) am coming from the beach.,אֲנִי,אִי,island,2
L015.S02,I (m) am coming from the beach.,בָּא,בָּא,"come(s), [came] (m, s, [3rd])",2
L015.S02,I (m) am coming from the beach.,בָּא,בּ ב,Bet & Vet,2
L015.S02,I (m) am coming from the beach.,מִחוֹף,חוֹף,"beach, shore",2
L015.S02,I (m) am coming from the beach.,מִחוֹף,מִחוּץ,outside (from),2
L015.S02,I (m) am coming from the beach.,הַיָם,הַאִם,yes-no?,2
L015.S02,I (m) am coming from the beach.,הַיָם,הַיוֹם,today,2
L015.S03,In the morning I swim in the sea.,בַּבּוֹקֶר,בַּצּוֹרֶת,drought,3
L015.S03,In the morning I swim in the sea.,בַּבּוֹקֶר,בּוֹקֶר,"morning, dawn",3
L015.S03,In the morning I swim in the sea.,אֲנִי,אֲנִי,"I, ego",0
L015.S03,In the morning I swim in the sea.,אֲנִי,אִי,island,2
L015.S03,In the morning I swim in the sea.,שׂוֹחֶה,שׂוֹחֶה,"swims (m, s)",0
L015.S03,In the morning I swim in the sea.,שׂוֹחֶה,דּוֹחֶה,"repulsive, repellent",2
L015.S03,In the morning I swim in the sea.,בַּיָם,בַּיִת,"house, home; stanza (music)",2
L015.S03,In the morning I swim in the sea.,בַּיָם,בַּלָּם,"defender, back (sports)",2
L015.S04,Are there hot chicks at the beach?,יֵשׁ,יֵשׁ,"there is/are/exist; existence, Being, entity",0
L015.S04,Are there hot chicks at the beach?,יֵשׁ,אֵשׁ,"fire, flame",1
L015.S04,Are there hot chicks at the beach?,חֲתִיכוֹת,חֲתִיכָה,"piece, chunk, item; gorgeous, pretty woman (coll.)",3
L015.S04,Are there hot chicks at the beach?,חֲתִיכוֹת,חֲדָשׁוֹת,news,4
L015.S04,Are there hot chicks at the beach?,בְּחוֹף,בְּלוֹג,blog,2
L015.S04,Are there hot chicks at the beach?,בְּחוֹף,בְּעוֹד,"concurrently, while; in another (minute, hour, …)",2
L015.S04,Are there hot chicks at the beach?,הַיָם,הַאִם,yes-no?,2
L015.S04,Are there hot chicks at the beach?,הַיָם,הַיוֹם,today,2
L015.S05,"No, in the morning there aren't any hot chicks there.",לֹא,לֹא,"no, not",0
L015.S05,"No, in the morning there aren't any hot chicks there.",לֹא,א,Alef,2
L015.S05,"No, in the morning there aren't any hot chicks there.",בַּבּוֹקֶר,בַּצּוֹרֶת,drought,3
L015.S05,"No, in the morning there aren't any hot chicks there.",בַּבּוֹקֶר,בּוֹקֶר,"morning, dawn",3
L015.S05,"No, in the morning there aren't any hot chicks there.",אֵין,אֵין,there isn't / aren't,0
L015.S05,"No, in the morning there aren't any hot chicks there.",אֵין,אֵיך,how?,1
L015.S05,"No, in the morning there aren't any hot chicks there.",שָׁם,יָם,"sea, ocean",2
L015.S05,"No, in the morning there aren't any hot chicks there.",שָׁם,שֵׁם,(first) name,2
L015.S05,"No, in the morning there aren't any hot chicks there.",חֲתִיכוֹת,חֲתִיכָה,"piece, chunk, item; gorgeous, pretty woman (coll.)",3
L015.S05,"No, in the morning there aren't any hot chicks there.",חֲתִיכוֹת,חֲדָשׁוֹת,news,4
L015.S06,No? So why do you go to the sea in the morning?,לֹא,לֹא,"no, not",0
L015.S06,No? So why do you go to the sea in the morning?,לֹא,א,Alef,2
L015.S06,No? So why do you go to the sea in the morning?,אָז,אַז,"then, next, at that time; so, thus, therefore; so (anyway)",1
L015.S06,No? So why do you go to the sea in the morning?,אָז,אָח,"brother, fellow; male nurse",1
L015.S06,No? So why do you go to the sea in the morning?,לָמָה,לָמָה,why?,0
L015.S06,No? So why do you go to the sea in the morning?,לָמָה,רָמָה,"level, standard; hilly region, highlands; barometric high",1
L015.S06,No? So why do you go to the sea in the morning?,אַתָה,אַתָה,you,0
L015.S06,No? So why do you go to the sea in the morning?,אַתָה,אֲתָר,site,2
L015.S06,No? So why do you go to the sea in the morning?,בַּיָם,בַּיִת,"house, home; stanza (music)",2
L015.S06,No? So why do you go to the sea in the morning?,בַּיָם,בַּלָּם,"defender, back (sports)",2
L015.S06,No? So why do you go to the sea in the morning?,בַּבּוֹקֶר,בַּצּוֹרֶת,drought,3
L015.S06,No? So why do you go to the sea in the morning?,בַּבּוֹקֶר,בּוֹקֶר,"morning, dawn",3
L015.T01,Where are you coming from this (in the) morning?,מאין,מִין,"type, kind; sex; gender (grammar); species (biology)",1
L015.T01,Where are you coming from this (in the) morning?,מאין,אֵין,there isn't / aren't,2
L015.T01,Where are you coming from this (in the) morning?,אתה,א,Alef,2
L015.T01,Where are you coming from this (in the) morning?,אתה,אִי,island,2
L015.T01,Where are you coming from this (in the) morning?,בא,א,Alef,1
L015.T01,Where are you coming from this (in the) morning?,בא,A,Alpha,2
L015.T01,Where are you coming from this (in the) morning?,בבוקר,אוֹר,light; lamp,3
L015.T01,Where are you coming from this (in the) morning?,בבוקר,בָּקָר,"beef, cattle",3
L015.T02,There aren't any hot chicks on the beacb.,אין,אֵין,there isn't / aren't,1
L015.T02,There aren't any hot chicks on the beacb.,אין,א,Alef,2
L015.T02,There aren't any hot chicks on the beacb.,חתיכות,אֵיכוּת,quality,3
L015.T02,There aren't any hot chicks on the beacb.,חתיכות,אִילוּ,"if, should, had [“irreal”]",4
L015.T02,There aren't any hot chicks on the beacb.,בחוף,חוֹף,"beach, shore",2
L015.T02,There aren't any hot chicks on the beacb.,בחוף,אוֹ,"or, either",3
L015.T03,I swim in the sea.,אני,אִי,island,1
L015.T03,I swim in the sea.,אני,א,Alef,2
L015.T03,I swim in the sea.,שוחה,אָח,"brother, fellow; male nurse",3
L015.T03,I swim in the sea.,שוחה,אוֹ,"or, either",3
L015.T03,I swim in the sea.,בים,אִם,"if, whether; in case, if",2
L015.T03,I swim in the sea.,בים,אֵם,"mother, matriarch",2
L015.T04,I am not at the beach.,אני,אִי,island,1
L015.T04,I am not at the beach.,אני,א,Alef,2
L015.T04,I am not at the beach.,לֹא,לֹא,"no, not",0
L015.T04,I am not at the beach.,לֹא,א,Alef,2
L015.T04,I am not at the beach.,בחוף,חוֹף,"beach, shore",2
L015.T04,I am not at the beach.,בחוף,אוֹ,"or, either",3
L015.T04,I am not at the beach.,הים,הֵם,they,1
L015.T04,I am not at the beach.,הים,אִם,"if, whether; in case, if",2
L015.T05,I'm coming from the sea.,אני,אִי,island,1
L015.T05,I'm coming from the sea.,אני,א,Alef,2
L015.T05,I'm coming from the sea.,בא,א,Alef,1
L015.T05,I'm coming from the sea.,בא,A,Alpha,2
L015.T05,I'm coming from the sea.,מהים,מהיר,,1
L015.T05,I'm coming from the sea.,מהים,הֵם,they,2
L016.N16,Sixteenth lesson,שִׁעוּר,שִׁיעוּר,"lesson, class; rate, measure",1
L016.N16,Sixteenth lesson,שִׁעוּר,שָׁבוּר,"broken, fractured; depressed, despondent",2
L016.N16,Sixteenth lesson,שֵׁשׁ,אֵשׁ,"fire, flame",2
L016.N16,Sixteenth lesson,שֵׁשׁ,יֵשׁ,"there is/are/exist; existence, Being, entity",2
L016.N16,Sixteenth lesson,עֶשׂרֵה,עֶזְרָה,"assistance, help",3
L016.N16,Sixteenth lesson,עֶשׂרֵה,עֶשֶׂר,ten,3
L016.S00,Bar Mitzvah,בַּר,בָּר,bar,2
L016.S00,Bar Mitzvah,בַּר,בּ ב,Bet & Vet,2
L016.S00,Bar Mitzvah,מִצוָה,מִצְווָה,commandment,2
L016.S00,Bar Mitzvah,מִצוָה,חִידָה,"riddle, puzzle",3
L016.S01,What's new?,מַה,מַה,"what? how much, why, how",0
L016.S01,What's new?,מַה,מַס,"tax, fee",1
L016.S01,What's new?,חָדָשׁ,חָדָשׁ,"new, current, recent[ly made]",0
L016.S01,What's new?,חָדָשׁ,חָמֵשׁ,five,2
L016.S02,It's my son Nethanel's Bar Mitzvah soon. I'm on a diet.,בְּקָרוֹב,בְּקָרוֹב,"soon, shortly; trailer (movie)",0
L016.S02,It's my son Nethanel's Bar Mitzvah soon. I'm on a diet.,בְּקָרוֹב,קָרוֹב,"close, near, [up]coming",3
L016.S02,It's my son Nethanel's Bar Mitzvah soon. I'm on a diet.,בַּר,בַּת,"daughter, girl",1
L016.S02,It's my son Nethanel's Bar Mitzvah soon. I'm on a diet.,בַּר,בָּר,bar,1
L016.S02,It's my son Nethanel's Bar Mitzvah soon. I'm on a diet.,מִצוָה,מִצְווָה,commandment,2
L016.S02,It's my son Nethanel's Bar Mitzvah soon. I'm on a diet.,מִצוָה,חִידָה,"riddle, puzzle",3
L016.S02,It's my son Nethanel's Bar Mitzvah soon. I'm on a diet.,לִנְתַנאֵל,יִסְתַּכֵּל,"will look (3rd, m, s)",5
L016.S02,It's my son Nethanel's Bar Mitzvah soon. I'm on a diet.,לִנְתַנאֵל,יִשְׂרָאֵל,Israel,5
L016.S02,It's my son Nethanel's Bar Mitzvah soon. I'm on a diet.,בּנִי,אֲנִי,"I, ego",2
L016.S02,It's my son Nethanel's Bar Mitzvah soon. I'm on a diet.,בּנִי,בְּלִי,without,2
L016.S02,It's my son Nethanel's Bar Mitzvah soon. I'm on a diet.,אֲנִי,אֲנִי,"I, ego",0
L016.S02,It's my son Nethanel's Bar Mitzvah soon. I'm on a diet.,אֲנִי,אִי,island,2
L016.S02,It's my son Nethanel's Bar Mitzvah soon. I'm on a diet.,בְּדִיאֶטָה,בְּדִיחָה,joke,3
L016.S02,It's my son Nethanel's Bar Mitzvah soon. I'm on a diet.,בְּדִיאֶטָה,בְּדִיקָה,"check [-up], test, examination",3
L016.S03,Congratulations!,מַזָל,מַזָּל,"luck, (good) fortune; fate, destiny; sign of the Zodiac",1
L016.S03,Congratulations!,מַזָל,מַפָּל,waterfall,2
L016.S03,Congratulations!,טוֹב,טוֹב,"good, well, pleasant, appropriate",0
L016.S03,Congratulations!,טוֹב,חוֹב,debt,1
L016.S04,But I don't understand.  Why go on a diet for a Bar Mitzvah?,אֲבָל,אֲבָל,"but, however",0
L016.S04,But I don't understand.  Why go on a diet for a Bar Mitzvah?,אֲבָל,חֲבָל,pity,1
L016.S04,But I don't understand.  Why go on a diet for a Bar Mitzvah?,אֲנִי,אֲנִי,"I, ego",0
L016.S04,But I don't understand.  Why go on a diet for a Bar Mitzvah?,אֲנִי,אִי,island,2
L016.S04,But I don't understand.  Why go on a diet for a Bar Mitzvah?,לֹא,לֹא,"no, not",0
L016.S04,But I don't understand.  Why go on a diet for a Bar Mitzvah?,לֹא,א,Alef,2
L016.S04,But I don't understand.  Why go on a diet for a Bar Mitzvah?,מְבִינָה,גְבִינָה,cheese,1
L016.S04,But I don't understand.  Why go on a diet for a Bar Mitzvah?,מְבִינָה,מְדִינָה,"state, country",1
L016.S04,But I don't understand.  Why go on a diet for a Bar Mitzvah?,לָמָה,לָמָה,why?,0
L016.S04,But I don't understand.  Why go on a diet for a Bar Mitzvah?,לָמָה,רָמָה,"level, standard; hilly region, highlands; barometric high",1
L016.S04,But I don't understand.  Why go on a diet for a Bar Mitzvah?,דִיאֶטָה,דִּיאֵטָה,diet,2
L016.S04,But I don't understand.  Why go on a diet for a Bar Mitzvah?,דִיאֶטָה,דִּילֶמָה,dilemma,3
L016.S04,But I don't understand.  Why go on a diet for a Bar Mitzvah?,לְבַר,לְבַד,alone,1
L016.S04,But I don't understand.  Why go on a diet for a Bar Mitzvah?,לְבַר,לְאַט,slowly,2
L016.S04,But I don't understand.  Why go on a diet for a Bar Mitzvah?,מִצוָה,מִצְווָה,commandment,2
L016.S04,But I don't understand.  Why go on a diet for a Bar Mitzvah?,מִצוָה,חִידָה,"riddle, puzzle",3
L016.S05,What don't you understand?,לָמָה,לָמָה,why?,0
L016.S05,What don't you understand?,לָמָה,רָמָה,"level, standard; hilly region, highlands; barometric high",1
L016.S05,What don't you understand?,אַת,אַת,you,0
L016.S05,What don't you understand?,אַת,אֶת,[Direct Object Marker],1
L016.S05,What don't you understand?,לֹא,לֹא,"no, not",0
L016.S05,What don't you understand?,לֹא,א,Alef,2
L016.S05,What don't you understand?,מְבִינָה,גְבִינָה,cheese,1
L016.S05,What don't you understand?,מְבִינָה,מְדִינָה,"state, country",1
L016.S06,I'm on a diet because I want to buy a pretty dress for Nethanel's Bar Mitzvah!,אֲנִי,אֲנִי,"I, ego",0
L016.S06,I'm on a diet because I want to buy a pretty dress for Nethanel's Bar Mitzvah!,אֲנִי,אִי,island,2
L016.S06,I'm on a diet because I want to buy a pretty dress for Nethanel's Bar Mitzvah!,בְּדִיאֶטָה,בְּדִיחָה,joke,3
L016.S06,I'm on a diet because I want to buy a pretty dress for Nethanel's Bar Mitzvah!,בְּדִיאֶטָה,בְּדִיקָה,"check [-up], test, examination",3
L016.S06,I'm on a diet because I want to buy a pretty dress for Nethanel's Bar Mitzvah!,כִּי,אִי,island,2
L016.S06,I'm on a diet because I want to buy a pretty dress for Nethanel's Bar Mitzvah!,כִּי,כְּלִי,"tool, instrument",2
L016.S06,I'm on a diet because I want to buy a pretty dress for Nethanel's Bar Mitzvah!,אֲנִי,אֲנִי,"I, ego",0
L016.S06,I'm on a diet because I want to buy a pretty dress for Nethanel's Bar Mitzvah!,אֲנִי,אִי,island,2
L016.S06,I'm on a diet because I want to buy a pretty dress for Nethanel's Bar Mitzvah!,רוֹצָה,רוֹצָה,"wants (f, s)",0
L016.S06,I'm on a diet because I want to buy a pretty dress for Nethanel's Bar Mitzvah!,רוֹצָה,רוֹאָה,"sees (f, s)",1
L016.S06,I'm on a diet because I want to buy a pretty dress for Nethanel's Bar Mitzvah!,לִקנוֹת,לִקְנוֹת,"to buy, purchase; to get, obtain, acquire",1
L016.S06,I'm on a diet because I want to buy a pretty dress for Nethanel's Bar Mitzvah!,לִקנוֹת,לִבְנוֹת,"to build, construct",2
L016.S06,I'm on a diet because I want to buy a pretty dress for Nethanel's Bar Mitzvah!,שִׂמלָה,שִׂמְלָה,"dress, gown, robe",1
L016.S06,I'm on a diet because I want to buy a pretty dress for Nethanel's Bar Mitzvah!,שִׂמלָה,שִׂיחָה,"conversation, talk, chat; negotiation",2
L016.S06,I'm on a diet because I want to buy a pretty dress for Nethanel's Bar Mitzvah!,יָפָה,יָפָה,"beautiful, pleasant, pretty; nice, fine, well",0
L016.S06,I'm on a diet because I want to buy a pretty dress for Nethanel's Bar Mitzvah!,יָפָה,יָפֶה,"beautiful, pleasant, pretty; nice, fine, well",1
L016.S06,I'm on a diet because I want to buy a pretty dress for Nethanel's Bar Mitzvah!,לַבַּר,צַבָּר,prickly pear cactus; native Israeli,2
L016.S06,I'm on a diet because I want to buy a pretty dress for Nethanel's Bar Mitzvah!,לַבַּר,אַבִּיר,knight,3
L016.S06,I'm on a diet because I want to buy a pretty dress for Nethanel's Bar Mitzvah!,מִצוָה,מִצְווָה,commandment,2
L016.S06,I'm on a diet because I want to buy a pretty dress for Nethanel's Bar Mitzvah!,מִצוָה,חִידָה,"riddle, puzzle",3
L016.S06,I'm on a diet because I want to buy a pretty dress for Nethanel's Bar Mitzvah!,שֶׁל,שֶׁל,"of, belonging to, owned by",0
L016.S06,I'm on a diet because I want to buy a pretty dress for Nethanel's Bar Mitzvah!,שֶׁל,שֶׁף,"chef, chief cook",1
L016.S06,I'm on a diet because I want to buy a pretty dress for Nethanel's Bar Mitzvah!,נְתַנאֵל,לְאַחֵל,"to wish, congratulate",4
L016.S06,I'm on a diet because I want to buy a pretty dress for Nethanel's Bar Mitzvah!,נְתַנאֵל,לְנַהֵל,"to manage, organize",4
L016.T01,Nethanel has a Bar Mitzvah.,יש,י,Yod,1
L016.T01,Nethanel has a Bar Mitzvah.,יש,A,Alpha,2
L016.T01,Nethanel has a Bar Mitzvah.,בר,ר,Resh,1
L016.T01,Nethanel has a Bar Mitzvah.,בר,A,Alpha,2
L016.T01,Nethanel has a Bar Mitzvah.,מצוה,מַה,"what? how much, why, how",2
L016.T01,Nethanel has a Bar Mitzvah.,מצוה,אוֹ,"or, either",3
L016.T01,Nethanel has a Bar Mitzvah.,לנתנאל,חָתוּל,cat,4
L016.T01,Nethanel has a Bar Mitzvah.,לנתנאל,לְנַהֵל,"to manage, organize",4
L016.T02,I want to buy a pretty dress.,אני,אִי,island,1
L016.T02,I want to buy a pretty dress.,אני,א,Alef,2
L016.T02,I want to buy a pretty dress.,רוצה,רָצָה,"wanted (3rd, m, s)",2
L016.T02,I want to buy a pretty dress.,רוצה,רוֹב,"majority, most [of]",2
L016.T02,I want to buy a pretty dress.,לקנות,לָנוּ,to us,2
L016.T02,I want to buy a pretty dress.,לקנות,חֲנוּת,"shop, store",3
L016.T02,I want to buy a pretty dress.,שמלה,מַה,"what? how much, why, how",2
L016.T02,I want to buy a pretty dress.,שמלה,אֵל,"god, supreme diety",3
L016.T02,I want to buy a pretty dress.,יפה,ה,He,2
L016.T02,I want to buy a pretty dress.,יפה,זֶה,this,2
L016.T02,I want to buy a pretty dress.,לאשתי,אִי,island,3
L016.T02,I want to buy a pretty dress.,לאשתי,אֶת,[Direct Object Marker],3
L016.T03,I am on a diet.,אני,אִי,island,1
L016.T03,I am on a diet.,אני,א,Alef,2
L016.T03,I am on a diet.,בדיאטה,בָּאָה,"comes, [came] (f, s, [3rd])",3
L016.T03,I am on a diet.,בדיאטה,אֵיזֶה,Which? ‎What?,4
L016.T04,What? Don't you understand?,מה,ה,He,1
L016.T04,What? Don't you understand?,מה,מ,Mem,1
L016.T04,What? Don't you understand?,את,א,Alef,1
L016.T04,What? Don't you understand?,את,אֶת,[Direct Object Marker],1
L016.T04,What? Don't you understand?,לא,א,Alef,1
L016.T04,What? Don't you understand?,לא,ל,Lamed,1
L016.T04,What? Don't you understand?,מבינה,הִינֵה,"here (is), behold",3
L016.T04,What? Don't you understand?,מבינה,הָיָה,he was,3
L016.T05,Congratulations!,מזל,אֵל,"god, supreme diety",2
L016.T05,Congratulations!,מזל,אֶל,"at, to [-wards]; for",2
L016.T05,Congratulations!,טוב,טוֹב,"good, well, pleasant, appropriate",1
L016.T05,Congratulations!,טוב,אוֹ,"or, either",2
L017.N17,Seventeenth lesson,שִׁעוּר,שִׁיעוּר,"lesson, class; rate, measure",1
L017.N17,Seventeenth lesson,שִׁעוּר,שָׁבוּר,"broken, fractured; depressed, despondent",2
L017.N17,Seventeenth lesson,שׁבַע,שֶׁבַע,seven,1
L017.N17,Seventeenth lesson,שׁבַע,טֶבַע,nature,2
L017.N17,Seventeenth lesson,עֶשׂרֵה,עֶזְרָה,"assistance, help",3
L017.N17,Seventeenth lesson,עֶשׂרֵה,עֶשֶׂר,ten,3
L017.S01,What's this mess?,מַה,מַה,"what? how much, why, how",0
L017.S01,What's this mess?,מַה,מַס,"tax, fee",1
L017.S01,What's this mess?,הַבַּלַגָן,הַגוֹלָן,the Golan,5
L017.S01,What's this mess?,הַבַּלַגָן,סַבְלָן,"patient, tolerant",5
L017.S01,What's this mess?,הַזֶה,זֶה,this,2
L017.S01,What's this mess?,הַזֶה,חָזֶה,"chest, breast, bosom",2
L017.S01,What's this mess?,פֹּה,פֶּה,mouth,2
L017.S01,What's this mess?,פֹּה,פֹּה,"here, (in/at) this place¹",2
L017.S02,This isn't a mess.  I'm tidying my room!,זֶה,זֶה,this,0
L017.S02,This isn't a mess.  I'm tidying my room!,זֶה,אֶל,"at, to [-wards]; for",2
L017.S02,This isn't a mess.  I'm tidying my room!,לֹא,לֹא,"no, not",0
L017.S02,This isn't a mess.  I'm tidying my room!,לֹא,א,Alef,2
L017.S02,This isn't a mess.  I'm tidying my room!,בַּלַגָן,בָּלָאגָן,mess,4
L017.S02,This isn't a mess.  I'm tidying my room!,בַּלַגָן,מַזְגָן,air-conditioner,4
L017.S02,This isn't a mess.  I'm tidying my room!,אֲנִי,אֲנִי,"I, ego",0
L017.S02,This isn't a mess.  I'm tidying my room!,אֲנִי,אִי,island,2
L017.S02,This isn't a mess.  I'm tidying my room!,מְסַדֵר,מְסַדֵּר,"arranges, organizes (m, s)",1
L017.S02,This isn't a mess.  I'm tidying my room!,מְסַדֵר,לְסַדֵּר,"to organize, tidy, arrange",2
L017.S02,This isn't a mess.  I'm tidying my room!,אֶת,אֶת,[Direct Object Marker],0
L017.S02,This isn't a mess.  I'm tidying my room!,אֶת,אֶל,"at, to [-wards]; for",1
L017.S02,This isn't a mess.  I'm tidying my room!,הַחֶדֶר,חֶדֶר,room,2
L017.S02,This isn't a mess.  I'm tidying my room!,הַחֶדֶר,אַחֶרֶת,"differently; otherwise, else",3
L017.S03,That bed there...,הַמִטָה,הֲמָרָה,"exchange, substitution, changing, converting [money, religion]",3
L017.S03,That bed there...,הַמִטָה,אַבְקָה,"powder, pollen",4
L017.S03,That bed there...,הַזֹאת,זֹאת,this,2
L017.S03,That bed there...,הַזֹאת,כָּזֹאת,"such, like so",3
L017.S03,That bed there...,שָׁם,יָם,"sea, ocean",2
L017.S03,That bed there...,שָׁם,שֵׁם,(first) name,2
L017.S04,This table here and these chairs there...,הַשׁוּלחָן,שׁוּלְחָן,"table, desk",3
L017.S04,This table here and these chairs there...,הַשׁוּלחָן,הַגוֹלָן,the Golan,4
L017.S04,This table here and these chairs there...,הַזֶה,זֶה,this,2
L017.S04,This table here and these chairs there...,הַזֶה,חָזֶה,"chest, breast, bosom",2
L017.S04,This table here and these chairs there...,וְהַכִּסאוֹת,לְהַרְאוֹת,"to show, demonstrate",5
L017.S04,This table here and these chairs there...,וְהַכִּסאוֹת,לְחַכּוֹת,to [a]wait,5
L017.S04,This table here and these chairs there...,הָאֵלֶה,כָּאֵלֶה,"such, like so (pl.)",2
L017.S04,This table here and these chairs there...,הָאֵלֶה,אֵלֶּה,these,3
L017.S04,This table here and these chairs there...,פֹּה,פֶּה,mouth,2
L017.S04,This table here and these chairs there...,פֹּה,פֹּה,"here, (in/at) this place¹",2
L017.S05,Is this order?,זֶה,זֶה,this,0
L017.S05,Is this order?,זֶה,אֶל,"at, to [-wards]; for",2
L017.S05,Is this order?,סֵדֶר,סֵדֶר,"order, arrangement",0
L017.S05,Is this order?,סֵדֶר,סֵפֶר,book,1
L017.S05,Is this order?,זֶה,זֶה,this,0
L017.S05,Is this order?,זֶה,אֶל,"at, to [-wards]; for",2
L017.T01,The messy guy clears up the room.,מסדר,מַר,bitter,2
L017.T01,The messy guy clears up the room.,מסדר,מהיר,,2
L017.T01,The messy guy clears up the room.,את,א,Alef,1
L017.T01,The messy guy clears up the room.,את,אֶת,[Direct Object Marker],1
L017.T01,The messy guy clears up the room.,החדר,הֵד,"echo, reverberation; response, reply, feedback",2
L017.T01,The messy guy clears up the room.,החדר,הַר,mountain,2
L017.T02,This bed goes here.,המטה,מַה,"what? how much, why, how",2
L017.T02,This bed goes here.,המטה,ה,He,3
L017.T02,This bed goes here.,הזאת,זֹאת,this,2
L017.T02,This bed goes here.,הזאת,א,Alef,3
L017.T02,This bed goes here.,פה,ה,He,1
L017.T02,This bed goes here.,פה,A,Alpha,2
L017.T03,These chairs go there.,הכסאות,אֶת,[Direct Object Marker],4
L017.T03,These chairs go there.,הכסאות,אַת,you,4
L017.T03,These chairs go there.,האלה,א,Alef,3
L017.T03,These chairs go there.,האלה,אִי,island,3
L017.T03,These chairs go there.,שם,ם,Mem Sofit,1
L017.T03,These chairs go there.,שם,A,Alpha,2
L017.T04,What is this mess?,מה,ה,He,1
L017.T04,What is this mess?,מה,מ,Mem,1
L017.T04,What is this mess?,הבלגן,בֵּן,"son, boy",3
L017.T04,What is this mess?,הבלגן,הֵבִין,"understood (3rd, m, s)",3
L017.T04,What is this mess?,הזה,ה,He,2
L017.T04,What is this mess?,הזה,הֵד,"echo, reverberation; response, reply, feedback",2
L017.T05,You call this order?,זה,ה,He,1
L017.T05,You call this order?,זה,ז,Zayin,1
L017.T05,You call this order?,סדר,ד,Dalet,2
L017.T05,You call this order?,סדר,הַר,mountain,2
L017.T05,You call this order?,זה,ה,He,1
L017.T05,You call this order?,זה,ז,Zayin,1
L018.N18,Eighteenth lesson,שִׁעוּר,שִׁיעוּר,"lesson, class; rate, measure",1
L018.N18,Eighteenth lesson,שִׁעוּר,שָׁבוּר,"broken, fractured; depressed, despondent",2
L018.N18,Eighteenth lesson,שׁמוֹנֶה,שְׁמוֹנֶה,eight,1
L018.N18,Eighteenth lesson,שׁמוֹנֶה,שׁוֹנֶה,"different, diverse, separate",1
L018.N18,Eighteenth lesson,עֶשׂרֵה,עֶזְרָה,"assistance, help",3
L018.N18,Eighteenth lesson,עֶשׂרֵה,עֶשֶׂר,ten,3
L018.S00,The Marriage of Figaro,חֲתוּנַת,חֲתוּנָה,wedding,2
L018.S00,The Marriage of Figaro,חֲתוּנַת,חֲנוּת,"shop, store",3
L018.S00,The Marriage of Figaro,פִיגָרוֹ,אִיגְרוּף,boxing,4
L018.S00,The Marriage of Figaro,פִיגָרוֹ,אִיתּוֹ,with him,4
L018.S01,You're dressed up like a groom!,אַתָה,אַתָה,you,0
L018.S01,You're dressed up like a groom!,אַתָה,אֲתָר,site,2
L018.S01,You're dressed up like a groom!,לָבוּשׁ,חוּשׁ,sense,3
L018.S01,You're dressed up like a groom!,לָבוּשׁ,טוּשׁ,ink,3
L018.S01,You're dressed up like a groom!,כּמוֹ,כְּמוֹ,"like, as",1
L018.S01,You're dressed up like a groom!,כּמוֹ,כּוֹל,"all, every, each",2
L018.S01,You're dressed up like a groom!,חָתָן,חָתָן,groom; son-in-law,0
L018.S01,You're dressed up like a groom!,חָתָן,זָקָן,beard,2
L018.S02,Where are you going?,לְאָן,לְאָן,"where to, to what place?",0
L018.S02,Where are you going?,לְאָן,לְאַט,slowly,2
L018.S02,Where are you going?,אַתָה,אַתָה,you,0
L018.S02,Where are you going?,אַתָה,אֲתָר,site,2
L018.S02,Where are you going?,הוֹלֵך,הוֹלֵךְ,"walks, goes (m, s)",1
L018.S02,Where are you going?,הוֹלֵך,הוֹפֵךְ,"turns [over] (m, s)",2
L018.S03,To 'The Marriage of Figaro' at the opera.,לְחֲתוּנַת,חֲתוּנָה,wedding,4
L018.S03,To 'The Marriage of Figaro' at the opera.,לְחֲתוּנַת,חֲנוּת,"shop, store",5
L018.S03,To 'The Marriage of Figaro' at the opera.,פִיגָרוֹ,אִיגְרוּף,boxing,4
L018.S03,To 'The Marriage of Figaro' at the opera.,פִיגָרוֹ,אִיתּוֹ,with him,4
L018.S03,To 'The Marriage of Figaro' at the opera.,בָּאוֹפֶּרָה,אוֹפֶּרָה,opera,3
L018.S04,With whom?,עִם,עִם,with,0
L018.S04,With whom?,עִם,אִם,"if, whether; in case, if",1
L018.S04,With whom?,מִי,מִי,who?,0
L018.S04,With whom?,מִי,אִי,island,1
L018.S05,with Aviva,עִם,עִם,with,0
L018.S05,with Aviva,עִם,אִם,"if, whether; in case, if",1
L018.S05,with Aviva,אֲבִיבָה,חֲבִילָה,"package, parcel",2
L018.S05,with Aviva,אֲבִיבָה,סְבִיבָה,"surroundings, vicinity, environment",2
L018.S06,Who is Aviva?,מִי,מִי,who?,0
L018.S06,Who is Aviva?,מִי,אִי,island,1
L018.S06,Who is Aviva?,זֹאת,זֹאת,this,0
L018.S06,Who is Aviva?,זֹאת,לֹא,"no, not",2
L018.S06,Who is Aviva?,אֲבִיבָה,חֲבִילָה,"package, parcel",2
L018.S06,Who is Aviva?,אֲבִיבָה,סְבִיבָה,"surroundings, vicinity, environment",2
L018.S07,She is the soprano in the opera. I am Avivah's husband.,הִיא,הִיא,she,0
L018.S07,She is the soprano in the opera. I am Avivah's husband.,הִיא,אִי,island,2
L018.S07,She is the soprano in the opera. I am Avivah's husband.,בָּאוֹפֶּרָה,אוֹפֶּרָה,opera,3
L018.S07,She is the soprano in the opera. I am Avivah's husband.,אֲנִי,אֲנִי,"I, ego",0
L018.S07,She is the soprano in the opera. I am Avivah's husband.,אֲנִי,אִי,island,2
L018.S07,She is the soprano in the opera. I am Avivah's husband.,הַבַּעַל,בַּעַל,"husband; owner, master",3
L018.S07,She is the soprano in the opera. I am Avivah's husband.,הַבַּעַל,דַּעַת,"opinion, view; knowledge, wisdom; mind, reason, intelligence",4
L018.S07,She is the soprano in the opera. I am Avivah's husband.,שֶׁל,שֶׁל,"of, belonging to, owned by",0
L018.S07,She is the soprano in the opera. I am Avivah's husband.,שֶׁל,שֶׁף,"chef, chief cook",1
L018.S07,She is the soprano in the opera. I am Avivah's husband.,אֲבִיבָה,חֲבִילָה,"package, parcel",2
L018.S07,She is the soprano in the opera. I am Avivah's husband.,אֲבִיבָה,סְבִיבָה,"surroundings, vicinity, environment",2
L018.T01,Why are you dressed up like at the opera?,למה,ה,He,2
L018.T01,Why are you dressed up like at the opera?,למה,זֶה,this,2
L018.T01,Why are you dressed up like at the opera?,אתה,א,Alef,2
L018.T01,Why are you dressed up like at the opera?,אתה,אִי,island,2
L018.T01,Why are you dressed up like at the opera?,לבוש,לוֹ,to him,2
L018.T01,Why are you dressed up like at the opera?,לבוש,אוֹ,"or, either",3
L018.T01,Why are you dressed up like at the opera?,כמו,ו,Vav,2
L018.T01,Why are you dressed up like at the opera?,כמו,מ,Mem,2
L018.T01,Why are you dressed up like at the opera?,באופרה,אוֹפֶה,baker,3
L018.T01,Why are you dressed up like at the opera?,באופרה,אוֹר,light; lamp,3
L018.T02,Is this Yael's fiance (groom)?,זה,ה,He,1
L018.T02,Is this Yael's fiance (groom)?,זה,ז,Zayin,1
L018.T02,Is this Yael's fiance (groom)?,החתן,הֵן,they,2
L018.T02,Is this Yael's fiance (groom)?,החתן,אֵין,there isn't / aren't,3
L018.T02,Is this Yael's fiance (groom)?,של,ל,Lamed,1
L018.T02,Is this Yael's fiance (groom)?,של,A,Alpha,2
L018.T02,Is this Yael's fiance (groom)?,יעל,אֵל,"god, supreme diety",2
L018.T02,Is this Yael's fiance (groom)?,יעל,אֶל,"at, to [-wards]; for",2
L018.T03,How are you? Where are you going?,מה,ה,He,1
L018.T03,How are you? Where are you going?,מה,מ,Mem,1
L018.T03,How are you? Where are you going?,נשמע,מ,Mem,3
L018.T03,How are you? Where are you going?,נשמע,נ,Nun,3
L018.T03,How are you? Where are you going?,לאן,א,Alef,2
L018.T03,How are you? Where are you going?,לאן,הֵן,they,2
L018.T03,How are you? Where are you going?,אתה,א,Alef,2
L018.T03,How are you? Where are you going?,אתה,אִי,island,2
L018.T03,How are you? Where are you going?,הולך,הוּא,he,2
L018.T03,How are you? Where are you going?,הולך,אֵיך,how?,3
L018.T04,With whom are you going to the café?,עם,ם,Mem Sofit,1
L018.T04,With whom are you going to the café?,עם,ע,Ayin,1
L018.T04,With whom are you going to the café?,מי,י,Yod,1
L018.T04,With whom are you going to the café?,מי,מ,Mem,1
L018.T04,With whom are you going to the café?,הוא,הוּא,he,1
L018.T04,With whom are you going to the café?,הוא,א,Alef,2
L018.T04,With whom are you going to the café?,הולך,הוּא,he,2
L018.T04,With whom are you going to the café?,הולך,אֵיך,how?,3
L018.T04,With whom are you going to the café?,לבית,לִי,to me,2
L018.T04,With whom are you going to the café?,לבית,אִי,island,3
L018.T04,With whom are you going to the café?,קפה,ה,He,2
L018.T04,With whom are you going to the café?,קפה,זֶה,this,2
L018.T05,"Hello, I'm Orit's husband.",שלום,לוֹ,to him,2
L018.T05,"Hello, I'm Orit's husband.",שלום,שֵׁם,(first) name,2
L018.T05,"Hello, I'm Orit's husband.",אני,אִי,island,1
L018.T05,"Hello, I'm Orit's husband.",אני,א,Alef,2
L018.T05,"Hello, I'm Orit's husband.",הבעל,אֲבָל,"but, however",3
L018.T05,"Hello, I'm Orit's husband.",הבעל,אֵבֶל,"grief, mourning",3
L018.T05,"Hello, I'm Orit's husband.",של,ל,Lamed,1
L018.T05,"Hello, I'm Orit's husband.",של,A,Alpha,2
L018.T05,"Hello, I'm Orit's husband.",אורית,אֱמֶת,truth,3
L018.T05,"Hello, I'm Orit's husband.",אורית,אִי,island,3
L019.N19,Nineteenth lesson,שִׁעוּר,שִׁיעוּר,"lesson, class; rate, measure",1
L019.N19,Nineteenth lesson,שִׁעוּר,שָׁבוּר,"broken, fractured; depressed, despondent",2
L019.N19,Nineteenth lesson,תשַׁע,תֵשַׁע,nine,1
L019.N19,Nineteenth lesson,תשַׁע,חָשַׁב,"thought (3rd, m, s)",3
L019.N19,Nineteenth lesson,עֶשׂרֵה,עֶזְרָה,"assistance, help",3
L019.N19,Nineteenth lesson,עֶשׂרֵה,עֶשֶׂר,ten,3
L019.S00,A sporty family,מִשׁפָּחָה,מִשְׁפָּחָה,family,1
L019.S00,A sporty family,מִשׁפָּחָה,מִסְפָּרָה,"barber shop, hairdressing salon",3
L019.S01,In the morning Dad plays football.,בַּבֹּקֶר,בּוֹקֶר,"morning, dawn",3
L019.S01,In the morning Dad plays football.,בַּבֹּקֶר,בַּצּוֹרֶת,drought,4
L019.S01,In the morning Dad plays football.,אַבָּא,אַבָּא,"father, dad",2
L019.S01,In the morning Dad plays football.,אַבָּא,אֲבָל,"but, however",3
L019.S01,In the morning Dad plays football.,מְשַׂחֵק,מְשַׂחֵק,"plays, acts (m, s)",0
L019.S01,In the morning Dad plays football.,מְשַׂחֵק,לְשַׂחֵק,"to play (game, role)",1
L019.S01,In the morning Dad plays football.,כַּדוּרֶגֶל,כַּדּוּרֶגֶל,"soccer, football",1
L019.S01,In the morning Dad plays football.,כַּדוּרֶגֶל,כַּף רֶגֶל,sole (foot),3
L019.S02,Mom plays tennis on the beach.,אִמָא,אִימָא,mom,1
L019.S02,Mom plays tennis on the beach.,אִמָא,אֱמֶת,truth,3
L019.S02,Mom plays tennis on the beach.,מְשַׂחֶקֶת,מְשַׂחֵק,"plays, acts (m, s)",3
L019.S02,Mom plays tennis on the beach.,מְשַׂחֶקֶת,לְשַׂחֵק,"to play (game, role)",4
L019.S02,Mom plays tennis on the beach.,טֶנִיס,טֶנִיס,tennis,0
L019.S02,Mom plays tennis on the beach.,טֶנִיס,אֲנִי,"I, ego",3
L019.S02,Mom plays tennis on the beach.,בְּחוֹף,בְּלוֹג,blog,2
L019.S02,Mom plays tennis on the beach.,בְּחוֹף,בְּעוֹד,"concurrently, while; in another (minute, hour, …)",2
L019.S02,Mom plays tennis on the beach.,הַיָם,הַאִם,yes-no?,2
L019.S02,Mom plays tennis on the beach.,הַיָם,הַיוֹם,today,2
L019.S03,My big brother and my little brother play handball.,אָחִי,אֲנִי,"I, ego",2
L019.S03,My big brother and my little brother play handball.,אָחִי,אִי,island,2
L019.S03,My big brother and my little brother play handball.,הַגָדוֹל,גָּדוֹל,big,3
L019.S03,My big brother and my little brother play handball.,הַגָדוֹל,הַכּוֹל,"everything, all",3
L019.S03,My big brother and my little brother play handball.,וְאָחִי,יְמָנִי,right (adj.),3
L019.S03,My big brother and my little brother play handball.,וְאָחִי,צְבָאִי,military (adj.),3
L019.S03,My big brother and my little brother play handball.,הַקָטָן,קָטָן,"small, little, young; diminutive, insignificant, unimportant",2
L019.S03,My big brother and my little brother play handball.,הַקָטָן,סַרְטָן,"crab, lobster; cancer, malignancy",3
L019.S03,My big brother and my little brother play handball.,מְשַׂחֲקִים,לְהַחֲרִים,to boycott; to confiscate,4
L019.S03,My big brother and my little brother play handball.,מְשַׂחֲקִים,מְשַׂחֵק,"plays, acts (m, s)",4
L019.S03,My big brother and my little brother play handball.,כַּדוּריָד,כַּדּוּר,"ball, sphere; bullet; pill, tablet",4
L019.S03,My big brother and my little brother play handball.,כַּדוּריָד,כַּדּוּרְסָל,basketball,4
L019.S04,My big sister and my little sister play basketball.,אֲחוֹתִי,אָחוֹת,sister; nurse,3
L019.S04,My big sister and my little sister play basketball.,אֲחוֹתִי,אוֹפִי,"character, nature, personality",3
L019.S04,My big sister and my little sister play basketball.,הַגדוֹלָה,הַגוֹלָן,the Golan,2
L019.S04,My big sister and my little sister play basketball.,הַגדוֹלָה,אֲגוֹרָה,100th of a shekel,4
L019.S04,My big sister and my little sister play basketball.,וְאֲחוֹתִי,מֵאֲחוֹרֵי,behind,4
L019.S04,My big sister and my little sister play basketball.,וְאֲחוֹתִי,אָחוֹת,sister; nurse,5
L019.S04,My big sister and my little sister play basketball.,הַקטָנָה,הֲבָנָה,"understanding, comprehension",3
L019.S04,My big sister and my little sister play basketball.,הַקטָנָה,הֲכָנָה,preparation,3
L019.S04,My big sister and my little sister play basketball.,מְשַׂחֲקוֹת,לְהַחֲווֹת,"to indicate, gesture, give a sign",4
L019.S04,My big sister and my little sister play basketball.,מְשַׂחֲקוֹת,מְשַׂחֵק,"plays, acts (m, s)",4
L019.S04,My big sister and my little sister play basketball.,כַּדוּרסַל,כַּדּוּרְסָל,basketball,3
L019.S04,My big sister and my little sister play basketball.,כַּדוּרסַל,כַּדּוּר,"ball, sphere; bullet; pill, tablet",4
L019.S05,I play a video game at home.,אֲנִי,אֲנִי,"I, ego",0
L019.S05,I play a video game at home.,אֲנִי,אִי,island,2
L019.S05,I play a video game at home.,מְשַׂחֵק,מְשַׂחֵק,"plays, acts (m, s)",0
L019.S05,I play a video game at home.,מְשַׂחֵק,לְשַׂחֵק,"to play (game, role)",1
L019.S05,I play a video game at home.,בְּמִשׂחָק,בְּדִיחָה,joke,4
L019.S05,I play a video game at home.,בְּמִשׂחָק,מִשְׂחָק,"game, match",4
L019.S05,I play a video game at home.,וִידֵאוֹ,וִידֵאוֹ,"video, VCR",0
L019.S05,I play a video game at home.,וִידֵאוֹ,אִיתּוֹ,with him,4
L019.S05,I play a video game at home.,בַּבַּיִת,בֶּן בַּיִת,"close friend, like one of the family",3
L019.S05,I play a video game at home.,בַּבַּיִת,בַּיִת,"house, home; stanza (music)",3
L019.T01,Mom and dad play tennis.,אמא,א,Alef,2
L019.T01,Mom and dad play tennis.,אמא,אִי,island,2
L019.T01,Mom and dad play tennis.,ואבא,א,Alef,3
L019.T01,Mom and dad play tennis.,ואבא,אִי,island,3
L019.T01,Mom and dad play tennis.,משחקים,מְחִיר,price,3
L019.T01,Mom and dad play tennis.,משחקים,חַי,"alive, vivacious; raw, uncooked; fresh",4
L019.T01,Mom and dad play tennis.,טניס,טֶנִיס,tennis,2
L019.T01,Mom and dad play tennis.,טניס,נֵס,"miracle, wonder",2
L019.T02,My big sister is playing a video game.,אחותי,אֲנִי,"I, ego",3
L019.T02,My big sister is playing a video game.,אחותי,אִי,island,3
L019.T02,My big sister is playing a video game.,הגדולה,הֲדוֹם,"footrest, stool",3
L019.T02,My big sister is playing a video game.,הגדולה,הוֹוֶה,present,3
L019.T02,My big sister is playing a video game.,משחקת,אַחַת,one,3
L019.T02,My big sister is playing a video game.,משחקת,מֵת,"dead, deceased",3
L019.T02,My big sister is playing a video game.,במשחק,מַחַק,eraser,3
L019.T02,My big sister is playing a video game.,במשחק,אֵשׁ,"fire, flame",4
L019.T02,My big sister is playing a video game.,וידאו,וִידֵאוֹ,"video, VCR",3
L019.T02,My big sister is playing a video game.,וידאו,א,Alef,4
L019.T03,The little brother plays football/soccer.,האח,א,Alef,2
L019.T03,The little brother plays football/soccer.,האח,אָח,"brother, fellow; male nurse",2
L019.T03,The little brother plays football/soccer.,הקטן,הֵן,they,2
L019.T03,The little brother plays football/soccer.,הקטן,אֵין,there isn't / aren't,3
L019.T03,The little brother plays football/soccer.,משחק,מַחַק,eraser,2
L019.T03,The little brother plays football/soccer.,משחק,אָח,"brother, fellow; male nurse",3
L019.T03,The little brother plays football/soccer.,כדורגל,כּוֹל,"all, every, each",3
L019.T03,The little brother plays football/soccer.,כדורגל,בּוּל,"stamp, postage",4
L019.T04,The little sister and Mom play handball.,האחות,אֶת,[Direct Object Marker],3
L019.T04,The little sister and Mom play handball.,האחות,אַחַת,one,3
L019.T04,The little sister and Mom play handball.,הקטנה,הִינֵה,"here (is), behold",3
L019.T04,The little sister and Mom play handball.,הקטנה,הָיָה,he was,3
L019.T04,The little sister and Mom play handball.,ואמא,א,Alef,3
L019.T04,The little sister and Mom play handball.,ואמא,אִי,island,3
L019.T04,The little sister and Mom play handball.,משחקות,אַחַת,one,4
L019.T04,The little sister and Mom play handball.,משחקות,אָחוֹת,sister; nurse,4
L019.T04,The little sister and Mom play handball.,כדוריד,בָּרָד,hail,4
L019.T04,The little sister and Mom play handball.,כדוריד,דַּי,"enough, sufficient",4
L019.T05,The big brother plays basketball.,האח,א,Alef,2
L019.T05,The big brother plays basketball.,האח,אָח,"brother, fellow; male nurse",2
L019.T05,The big brother plays basketball.,הגדול,גַּל,"wave, tilde",3
L019.T05,The big brother plays basketball.,הגדול,הֲדוֹם,"footrest, stool",3
L019.T05,The big brother plays basketball.,משחק,מַחַק,eraser,2
L019.T05,The big brother plays basketball.,משחק,אָח,"brother, fellow; male nurse",3
L019.T05,The big brother plays basketball.,כדורסל,כּוֹל,"all, every, each",3
L019.T05,The big brother plays basketball.,כדורסל,כּוֹס,"cup, glass",3
L020.N20,Twentieth lesson,שִׁעוּר,שִׁיעוּר,"lesson, class; rate, measure",1
L020.N20,Twentieth lesson,שִׁעוּר,שָׁבוּר,"broken, fractured; depressed, despondent",2
L020.N20,Twentieth lesson,עֶשׂרִים,עֶשְׂרִים,twenty,1
L020.N20,Twentieth lesson,עֶשׂרִים,הָעֶשְׂרִים,the twentieth,3
L020.S00,Weekend,סוֹף,סוֹף,"end, finish",0
L020.S00,Weekend,סוֹף,חוֹף,"beach, shore",1
L020.S00,Weekend,שָׁבוּעַ,שָׁבוּעַ,week,0
L020.S00,Weekend,שָׁבוּעַ,הַשָׁבוּעַ,this week,2
L020.S01,At last! The weekend!,סוֹף,סוֹף,"end, finish",0
L020.S01,At last! The weekend!,סוֹף,חוֹף,"beach, shore",1
L020.S01,At last! The weekend!,סוֹף,סוֹף,"end, finish",0
L020.S01,At last! The weekend!,סוֹף,חוֹף,"beach, shore",1
L020.S01,At last! The weekend!,סוֹף,סוֹף,"end, finish",0
L020.S01,At last! The weekend!,סוֹף,חוֹף,"beach, shore",1
L020.S01,At last! The weekend!,שָׁבוּעַ,שָׁבוּעַ,week,0
L020.S01,At last! The weekend!,שָׁבוּעַ,הַשָׁבוּעַ,this week,2
L020.S02,In the morning we swim in the pool.,בַּבּוֹקֶר,בַּצּוֹרֶת,drought,3
L020.S02,In the morning we swim in the pool.,בַּבּוֹקֶר,בּוֹקֶר,"morning, dawn",3
L020.S02,In the morning we swim in the pool.,אֲנַחנוּ,אֲנַחְנוּ,we,1
L020.S02,In the morning we swim in the pool.,אֲנַחנוּ,אֲפִילוּ,even,4
L020.S02,In the morning we swim in the pool.,שׂחִים,חָמִים,"luke-, a bit warm; pleasant, cozy",3
L020.S02,In the morning we swim in the pool.,שׂחִים,טָעִים,"tasty, delicious",3
L020.S02,In the morning we swim in the pool.,בַּבּרֵכָה,בְּרֵיכָה,"(swimming) pool, pond",4
L020.S02,In the morning we swim in the pool.,בַּבּרֵכָה,בְּרָכָה,"blessing, congratulation, greeting",4
L020.S03,In the evening we go to friends.,בָּעֶרֶב,עֶרֶב,evening,3
L020.S03,In the evening we go to friends.,בָּעֶרֶב,בְּעֶצֶם,"in fact, actually",4
L020.S03,In the evening we go to friends.,אֲנַחנוּ,אֲנַחְנוּ,we,1
L020.S03,In the evening we go to friends.,אֲנַחנוּ,אֲפִילוּ,even,4
L020.S03,In the evening we go to friends.,הוֹלכִים,רוֹאִים,"see (m, p)",3
L020.S03,In the evening we go to friends.,הוֹלכִים,רוֹצִים,"want (m, p)",3
L020.S03,In the evening we go to friends.,לְחֲבֵרִים,לְבָנִים,"linen, lingerie, undergarments",4
L020.S03,In the evening we go to friends.,לְחֲבֵרִים,לְהַחֲרִים,to boycott; to confiscate,4
L020.S04,We talk politics.,מְדַבּרִים,לְהַחֲרִים,to boycott; to confiscate,4
L020.S04,We talk politics.,מְדַבּרִים,בְּרִית,"covenant, alliance",5
L020.S04,We talk politics.,עַל,עַל,"on (top), about, super-, above, more/larger than",0
L020.S04,We talk politics.,עַל,סַל,basket,1
L020.S04,We talk politics.,פּוֹלִיטִיקָה,פּוֹלִיטִיקָה,politics,0
L020.S04,We talk politics.,פּוֹלִיטִיקָה,פִיזִיקָה,physics,5
L020.S05,We chat and have a barbecue.,וְאוֹכלִים,אֱלוֹהִים,God,5
L020.S05,We chat and have a barbecue.,וְאוֹכלִים,אַקְלִים,climate,5
L020.S05,We chat and have a barbecue.,עַל,עַל,"on (top), about, super-, above, more/larger than",0
L020.S05,We chat and have a barbecue.,עַל,סַל,basket,1
L020.S05,We chat and have a barbecue.,הָאֵשׁ,אֵשׁ,"fire, flame",2
L020.S05,We chat and have a barbecue.,הָאֵשׁ,חָמֵשׁ,five,2
L020.S06,A fun weekend!,סוֹף,סוֹף,"end, finish",0
L020.S06,A fun weekend!,סוֹף,חוֹף,"beach, shore",1
L020.S06,A fun weekend!,שָׁבוּעַ,שָׁבוּעַ,week,0
L020.S06,A fun weekend!,שָׁבוּעַ,הַשָׁבוּעַ,this week,2
L020.S06,A fun weekend!,בְּכֵּף,בְּ־‏,"in (place, time), with (sth. abstract, ""-ly""), among, on (medium)",4
L020.S06,A fun weekend!,בְּכֵּף,בְּלִי,without,4
L020.T01,On the weekend you swim in the sea.,בסוף,סוֹף,"end, finish",2
L020.T01,On the weekend you swim in the sea.,בסוף,אוֹ,"or, either",3
L020.T01,On the weekend you swim in the sea.,שבוע,אוֹ,"or, either",3
L020.T01,On the weekend you swim in the sea.,שבוע,ו,Vav,3
L020.T01,On the weekend you swim in the sea.,אתם,אִם,"if, whether; in case, if",1
L020.T01,On the weekend you swim in the sea.,אתם,אֵם,"mother, matriarch",1
L020.T01,On the weekend you swim in the sea.,שוחים,חַם,hot,3
L020.T01,On the weekend you swim in the sea.,שוחים,חוֹם,"heat, warmth; fever, (ill) temperature",3
L020.T01,On the weekend you swim in the sea.,בים,אִם,"if, whether; in case, if",2
L020.T01,On the weekend you swim in the sea.,בים,אֵם,"mother, matriarch",2
L020.T02,We go to the swimming pool with friends.,אנחנו,אֶחָד,one,3
L020.T02,We go to the swimming pool with friends.,אנחנו,אַחֵר,"[an]other, further, else; different, unusal",3
L020.T02,We go to the swimming pool with friends.,הולכים,הֶלֶם,"shock, trauma",3
L020.T02,We go to the swimming pool with friends.,הולכים,אוֹכֵל,"eats (m, s)",4
L020.T02,We go to the swimming pool with friends.,לברכה,לָמָה,why?,3
L020.T02,We go to the swimming pool with friends.,לברכה,צָרָה,"tragedy, distress, trouble",3
L020.T02,We go to the swimming pool with friends.,עם,ם,Mem Sofit,1
L020.T02,We go to the swimming pool with friends.,עם,ע,Ayin,1
L020.T02,We go to the swimming pool with friends.,חברים,חֶרֶב,"sword, saber",3
L020.T02,We go to the swimming pool with friends.,חברים,חֶרֶק,insect,3
L020.T03,In the evening we have (eat) barbecue.,בערב,בּ ב,Bet & Vet,2
L020.T03,In the evening we have (eat) barbecue.,בערב,בֵּן,"son, boy",3
L020.T03,In the evening we have (eat) barbecue.,אנחנו,אֶחָד,one,3
L020.T03,In the evening we have (eat) barbecue.,אנחנו,אַחֵר,"[an]other, further, else; different, unusal",3
L020.T03,In the evening we have (eat) barbecue.,אוכלים,אוּלָם,hall,2
L020.T03,In the evening we have (eat) barbecue.,אוכלים,אוּלַי,maybe,3
L020.T03,In the evening we have (eat) barbecue.,על,ל,Lamed,1
L020.T03,In the evening we have (eat) barbecue.,על,ע,Ayin,1
L020.T03,In the evening we have (eat) barbecue.,האש,א,Alef,2
L020.T03,In the evening we have (eat) barbecue.,האש,ה,He,2
L020.T04,Why are they talking politics?,למה,ה,He,2
L020.T04,Why are they talking politics?,למה,זֶה,this,2
L020.T04,Why are they talking politics?,הם,ה,He,1
L020.T04,Why are they talking politics?,הם,הֵם,they,1
L020.T04,Why are they talking politics?,מדברים,מֵבִיא,"brings (m, s)",3
L020.T04,Why are they talking politics?,מדברים,מֵבִין,"understands (m, s)",3
L020.T04,Why are they talking politics?,על,ל,Lamed,1
L020.T04,Why are they talking politics?,על,ע,Ayin,1
L020.T04,Why are they talking politics?,פוליטיקה,חִיטָּה,wheat,5
L020.T04,Why are they talking politics?,פוליטיקה,מִיטָּה,bed,5
L020.T05,In the morning we chat on the telefone,בבוקר,אוֹר,light; lamp,3
L020.T05,In the morning we chat on the telefone,בבוקר,בָּקָר,"beef, cattle",3
L020.T05,In the morning we chat on the telefone,אנחנו,אֶחָד,one,3
L020.T05,In the morning we chat on the telefone,אנחנו,אַחֵר,"[an]other, further, else; different, unusal",3
L020.T05,In the morning we chat on the telefone,מפטפטים,מֵפִיק,producer (entertainment),4
L020.T05,In the morning we chat on the telefone,מפטפטים,מַפִיק,"produces (m, s)",4
L020.T05,In the morning we chat on the telefone,בטלפון,בֵּטֶן,"stomach, abdomen, belly",4
L020.T05,In the morning we chat on the telefone,בטלפון,בֵּין,"between, among, amid",4
